alert_id,address,rule_id,rule_name,severity,score_contribution,evidence_txids,amount_btc,amount_eur,hop_distance,explanation,regulatory_reference
20261009T223246Z-00001,12aNKp2iDKuhEde2YfPdd4DFGenRUTKupL,R01_OFAC_DIRECT,Direct exposure to sanctioned address,severe,100.0,c07804fe40d182984e30f4fa0d15211edcb7d145b8c1ea2bf021a8900ef9436f;065024caba30b511053672da76533428408e30c393606860d7262a1f304c7ff4;b0296119f42160a62a1e81695ed71851d34f60582c98824e1a18f1f270c02c2c;5ff5cdc46a5fc67f9074dd17462771faebdebcda4f071f2c4c1a94595a271763;26db4cc425fa5589f46cd09a8dcb9c1da4a10f00a0ff62d3d0dcf9caf354326d;6961e11864a9731b2f6427333edd2ce642143c223785f1094d19b9eccb6a7ca6;31f0f4be658fe2114abe8f932a4104ff164d6135341dc5015252f0825ad20579;f108ee92cc77a281ee3e81c84de59268e4fd3e282df4787155e95dd63d45e296;2743a7798ce599fd492be4f2b38411367123936d37611acbaa1f73490220e033;084abe504df4f7d6cfd493bcf14fcc7d6bcf807b5d74977b5a2414967cf7fc47;4c73784b650dc2c4d61669ade400a65cce4c917b42e3156cc0c371e4120da6a5;3b710cf1fc8ef3fff0bb6f90b0cdbc59d7c5ae72673343b9b4a3f622b025b264;fc1b4d88c0262db55acfa94a271778d2d66a18f50bc8890c3ec9bb2f60edeb72;f5a02c8a664902c5e300e36e8d07340d7536dcb2ab7b99332131768e5387dca4;4b5cf89a82a1de186458d0ce4cb4bc4043fefbc772b3f9b61a662dcc639c77ab;803bdd48184ff96af8760bc92def3b9bab65297d007bc80f724c88faeb767bad;a629d44914fc6b6445152740b9c41eda787cee8ff82d7bf1ba83c09e1426915a;e063382fd9f75c9ac8b781065ce8637317b16b5d5adfd999a09c5f07b02a8358;1d429b8b76e1c3b0ddec0509ea5c91a1ba3e41b30184d6261795a79eda40bca3;33136cbfe23a4ecd86f092fe1befeae35c9ece1b163a52bb3726ca23bdef18f9;4c2c6adb23b14b6eef2e5c3fb6eacd8cb92c356ea458ea544da44018df9a8f30;7ea3f35f07d6ef89583d04d8dfd5788b871c5cfa68cdc0c7df768c71019c8c92;13920963382ccf1fcabf792d6779c1fbb3234fbc0d7c4bd6c4421f340daf6fe9;dee6ad70407490bab9bed101a00dc0556d6a3c12c2921b34153719eb32506b24;a3d9e3f194b024e8bb42b5a5765bccf0d92ab78f221038deb409c540893757ed;518bffd8f1126509b802e273db6bc26c2ab515ae29eaed9df28d18e9dfcb0d05;478248c63ffa77c81ed06047f56de919eadc66bce048d9030c72c59dbe43ad66;3392ec421b150efa4d14bf83bd2015a6d2602d655cf9ddef3a0b441c85a75488;a8d3210e94675d4f77d5fa0ab1ca7e916f07c95834e15f36e9b8d9ef5efd8f28;a80934b73668e2f5b5efe8c6c8a9eed17c37ae829864c05b250019beb5030ee2;b0acd040339fe3ddff803cdbe23de266ec73220b7232df8b74a0c53b2d520423;fb987cbe3c957d3b18d0c9822cdd9789c58276f7a2951e738928ee3b494c582f;737d5fb339170a3cc8b0174061a5a2de56c0e0f838128ce4799d50ef63efb055;681b8c06eceb201fdd272fc3fb448dfd2d2aad607232fb0e4adbe8d7fcfd54af;78f1b56aae46ea1ea641cdf723e8153b4625bf0f6089ea012dbb20e4538ef866;c1b6911752e4d6c0b60571ba29aa7002d0fa1088e58e922942a29dd989e50c70;158882c490ee32d20426b6acbc130105142023b6a0e6a4ba68038ed8b261ee4e;129ca143c251ff4984593ae77e6e37c9280bed94f5326a08d30c88d1c98e6bae;dc925dfe3cdb4ccf4093b1dc280c58313910e803888177613fecdcb3a1ce7ae4;f550bb2c6ee20f38fb9137aeb952b72b729815f94ee58619bf44c2e1a173689b;65052b714a468edff3a7a0f70634e5f14fb8bb0cff8814c8a99214061a79544a;19b8d6ff69c4ae5866040b98b5175985dc0f07c688e046dacc12e76d653b7c9a;8858abff8d7d2dd4ec0112cc4e65fa2061e1d6a9831c094efa1c9a75e4bea73e;1bb9a7a1a06f3b490e88bf33966aee5fd99c0b11e11cdfcb0ff36b7067944f8d;bb2cbf321e9c3073a99232e4736d4efdfb3f085c2cd54c0ec22acc2a63edf44d;5500752feccc9f1c6c10f6d98b9e2d244cee415dffc699ac108900a92f354c5b;b357b673858792842df5c5e70aa2839584b252173029146baf2aa02cf3d14945;4f34d601a23a36a7799b3daa78dbda26389ba6bd7463d5577b4396d3e134eca8;31fc4738a773eb31f26e6b8921f582adc0d970b86a65ff0ca8c571d7036e2e9d;4f91c755fe02fb0a49be49eebb42778eaa686e943467bea14e9c3e73383f768e;4f021cd47584ad47917b2843f89a67b403448329807ba78c21e8686f196d98e0,0.05372299,1855.51,0,"The address itself is sanctioned: [OFAC SDN] sanctioned: Behzad MESRI (SDN uid 24003; programs: CYBER2, HRIT-IR).",OFAC SDN list; FATF Recommendation 6 (targeted financial sanctions); FATF (2020) Red Flag Indicators of ML/TF - Virtual Assets - source of funds or wealth
20261009T223246Z-00002,12aNKp2iDKuhEde2YfPdd4DFGenRUTKupL,R07_PASS_THROUGH,Pass-through (rapid in and out),medium,20.0,065024caba30b511053672da76533428408e30c393606860d7262a1f304c7ff4;5decfe5085f5c408d21b6438d3ef6b535bc5643e36ef99964da96da199cdfa0d;b0296119f42160a62a1e81695ed71851d34f60582c98824e1a18f1f270c02c2c;ad3a65d43a002ad74563571672bf740359ef345808b9ae97c1f4c27c0b452182;5ff5cdc46a5fc67f9074dd17462771faebdebcda4f071f2c4c1a94595a271763;1a9f695efa5321ccd572a3932bf272f5d4bfa88f88ae799f8515863c62afd324;26db4cc425fa5589f46cd09a8dcb9c1da4a10f00a0ff62d3d0dcf9caf354326d;b10b5e705d302f76b06a0cf6650137baacc3b193108cf657b5df785fc80476aa;6961e11864a9731b2f6427333edd2ce642143c223785f1094d19b9eccb6a7ca6;139cef33584553f2763fbd31cd862677bcc9c9209d7427ce82916a7be832761e;31f0f4be658fe2114abe8f932a4104ff164d6135341dc5015252f0825ad20579;269ca8a65e1edcabb27dc94de73d3a027d3a1b6e50ddc2c340e175ea4ba8c38c;f108ee92cc77a281ee3e81c84de59268e4fd3e282df4787155e95dd63d45e296;9500ef00ab0ab709f94cbbda79528a5ecc2ba8b9af4a76b74ca394c9c3fff600;2743a7798ce599fd492be4f2b38411367123936d37611acbaa1f73490220e033;f7a19511efd06dc0fa852bf7f0532b8f3169ab4028d17094a82529d32cbaa191;084abe504df4f7d6cfd493bcf14fcc7d6bcf807b5d74977b5a2414967cf7fc47;4fb6322442985e7b0fd94940e4fe3e3a996f7dd7637fd68a0a329b199e6143b1;4c73784b650dc2c4d61669ade400a65cce4c917b42e3156cc0c371e4120da6a5;83f61c155a00d70c336652abe072c8e7d02abbfcf8d3ef4390606c6398fa87b0;3b710cf1fc8ef3fff0bb6f90b0cdbc59d7c5ae72673343b9b4a3f622b025b264;524dbd54998abfdcc4d2063e28c3b9cf4b524f251aed98e0c890fa0e9bd2761c;fc1b4d88c0262db55acfa94a271778d2d66a18f50bc8890c3ec9bb2f60edeb72;98e75bf2b9e6a25f05445d21046296f4250832e4fa6739ef2f26fe98a97a660c;f5a02c8a664902c5e300e36e8d07340d7536dcb2ab7b99332131768e5387dca4;0f1d2ad4317d52c728e5c0d55bc052af9f23a9a11eca898031f8f4f3a1b6866f;4b5cf89a82a1de186458d0ce4cb4bc4043fefbc772b3f9b61a662dcc639c77ab;97ac33b8fbafa29b43d8ff345eb7d18812d6187d45475b57fbbb882991b00599;803bdd48184ff96af8760bc92def3b9bab65297d007bc80f724c88faeb767bad;e62f26ef264ed3c955a6254ae5efeea60136addaedc341fd5549c416852851ba;a629d44914fc6b6445152740b9c41eda787cee8ff82d7bf1ba83c09e1426915a;a70a816158e6958990c8c87c0a9de98c6bd7f0518c896fe7f8f47b4098d677fb;e063382fd9f75c9ac8b781065ce8637317b16b5d5adfd999a09c5f07b02a8358;f3c6099e4eb192b600024cbe39dffff51c2e4a6a09a1cedf4964a3169c53fac5;1d429b8b76e1c3b0ddec0509ea5c91a1ba3e41b30184d6261795a79eda40bca3;c95086279c77c3d264bca0790e6d3f6944985e91633140cb758eda6d150a98dd;33136cbfe23a4ecd86f092fe1befeae35c9ece1b163a52bb3726ca23bdef18f9;e5292c7f29c6539cecebfe96855e426712cda371182f42e66dcd231294d7e31c;4c2c6adb23b14b6eef2e5c3fb6eacd8cb92c356ea458ea544da44018df9a8f30;d366f4398ab47f3c938616fa4731abfe2a48a243abfcaba7571f513edc9a16fd;7ea3f35f07d6ef89583d04d8dfd5788b871c5cfa68cdc0c7df768c71019c8c92;691d293cbdfe9253839a8fee381589828ec0db8b2c89213eb15ac9c46aa221cc;13920963382ccf1fcabf792d6779c1fbb3234fbc0d7c4bd6c4421f340daf6fe9;d3e8e2e3a645a94ac9a3dfd1d1b4eb58b2b26218ca47b8a8c9ff3d5ccab90a0e;dee6ad70407490bab9bed101a00dc0556d6a3c12c2921b34153719eb32506b24;5cc1f529ed58323c2b1eaad1e81f265e44978d9c21a07ec6d1f39cedbe2bcf92;a3d9e3f194b024e8bb42b5a5765bccf0d92ab78f221038deb409c540893757ed;65c020d0577058cd850b6afd7283f2996e2880b9e55dec6d64d4604f3ea36417;518bffd8f1126509b802e273db6bc26c2ab515ae29eaed9df28d18e9dfcb0d05;be745f13423e4c7bb34c4270e08f1a7002a7fc07630e64a68a7cd0b5bd494396;737d5fb339170a3cc8b0174061a5a2de56c0e0f838128ce4799d50ef63efb055;ee06ffc0366f93895a84d55751d062458c18fc96c77b38d1a9f74d300f6a1e66;681b8c06eceb201fdd272fc3fb448dfd2d2aad607232fb0e4adbe8d7fcfd54af;b2bcdeda0dc6145df9e29ec7a11b54b31ea0b10d6b9c7e72a0548f9091320590;78f1b56aae46ea1ea641cdf723e8153b4625bf0f6089ea012dbb20e4538ef866;95b2777eda67f592136bb6fc2385ef36c10c7ca61d89ced358b33f7b144eb46e;158882c490ee32d20426b6acbc130105142023b6a0e6a4ba68038ed8b261ee4e;a38096d3e6a780cd52f9b86e6ccb10f6d938c664c924c72060037e35c16ea634;129ca143c251ff4984593ae77e6e37c9280bed94f5326a08d30c88d1c98e6bae;570e0de33df7c997ee77ca479b4d7e0f37cd49771c7deb67119a7d33c0e4d0b3;dc925dfe3cdb4ccf4093b1dc280c58313910e803888177613fecdcb3a1ce7ae4;a2fd66ec928f7b3923f8a5486086a461858b378270c72fc2ef7e09bb47e86811;f550bb2c6ee20f38fb9137aeb952b72b729815f94ee58619bf44c2e1a173689b;4ea941d61b9c8ade1c4b1ebda9c11671850eabe0a4a32bc413a930a1fa41afe9;65052b714a468edff3a7a0f70634e5f14fb8bb0cff8814c8a99214061a79544a;b57f144e6331fd92294c8f3703a0ce47dbe6eac03df868c14c43e5ff90e40d3a;19b8d6ff69c4ae5866040b98b5175985dc0f07c688e046dacc12e76d653b7c9a;76bb0f9b0076d21513e9d79580d82942a2c742c9c2b7f260057f8a6cbf70bd7a;8858abff8d7d2dd4ec0112cc4e65fa2061e1d6a9831c094efa1c9a75e4bea73e;aa56037a5e93bf5942e3fa3595e4a141b4a0acadfc563f3c34c7789d96a58bc8;1bb9a7a1a06f3b490e88bf33966aee5fd99c0b11e11cdfcb0ff36b7067944f8d;791b0e7cbb1e2c7acab95dfbe6a119cdd63e107dd24225b3ba776fc903ead4b9;bb2cbf321e9c3073a99232e4736d4efdfb3f085c2cd54c0ec22acc2a63edf44d;5c101e70735b01ece8ec208f59d812fef6824c20c879a5b6c96bc336e3fa208d;5500752feccc9f1c6c10f6d98b9e2d244cee415dffc699ac108900a92f354c5b;74966bd6481e55cd1c1b4ffe1d4398ace091f32f99eefad81d66f71321752f76;4f34d601a23a36a7799b3daa78dbda26389ba6bd7463d5577b4396d3e134eca8;2e62d73964f6a30996df054cfa246aac9495c8e6bdb2fbc507476c706f02025a;31fc4738a773eb31f26e6b8921f582adc0d970b86a65ff0ca8c571d7036e2e9d;0b365893b7c384b6be2c8ca19cbd585ce1be7abe5cafccf936cb4862fa52aecf;4f91c755fe02fb0a49be49eebb42778eaa686e943467bea14e9c3e73383f768e;7ad66ad78ab614d3d3a050d95bb55b54ba1aa5ce0b2f85972e6818ae24a0dad3;4f021cd47584ad47917b2843f89a67b403448329807ba78c21e8686f196d98e0;47634774fc8ea50e7bf5f13fb0c3b1c237a597dfe3156e5b4e283cbe67bf9cfa,0.04009207,1325.35,0,"42 episode(s) in which funds received were sent on within 24h, leaving at most 5% of the amount received. Value passed through: 0.04009207 BTC (1,325 EUR).","FATF (2020) Red Flag Indicators of ML/TF - Virtual Assets - transactions: patterns; EBA ML/TF Risk Factors Guidelines (EBA/GL/2021/02 as amended by EBA/GL/2024/01), Guideline 21 (CASPs)"
20261009T223246Z-00003,12aNKp2iDKuhEde2YfPdd4DFGenRUTKupL,R16_CONSOLIDATION,Consolidation of many small inputs,low,10.0,5decfe5085f5c408d21b6438d3ef6b535bc5643e36ef99964da96da199cdfa0d;ad3a65d43a002ad74563571672bf740359ef345808b9ae97c1f4c27c0b452182;1a9f695efa5321ccd572a3932bf272f5d4bfa88f88ae799f8515863c62afd324;b10b5e705d302f76b06a0cf6650137baacc3b193108cf657b5df785fc80476aa;139cef33584553f2763fbd31cd862677bcc9c9209d7427ce82916a7be832761e;269ca8a65e1edcabb27dc94de73d3a027d3a1b6e50ddc2c340e175ea4ba8c38c;9500ef00ab0ab709f94cbbda79528a5ecc2ba8b9af4a76b74ca394c9c3fff600;f7a19511efd06dc0fa852bf7f0532b8f3169ab4028d17094a82529d32cbaa191;4fb6322442985e7b0fd94940e4fe3e3a996f7dd7637fd68a0a329b199e6143b1;83f61c155a00d70c336652abe072c8e7d02abbfcf8d3ef4390606c6398fa87b0;524dbd54998abfdcc4d2063e28c3b9cf4b524f251aed98e0c890fa0e9bd2761c;98e75bf2b9e6a25f05445d21046296f4250832e4fa6739ef2f26fe98a97a660c;0f1d2ad4317d52c728e5c0d55bc052af9f23a9a11eca898031f8f4f3a1b6866f;97ac33b8fbafa29b43d8ff345eb7d18812d6187d45475b57fbbb882991b00599;e62f26ef264ed3c955a6254ae5efeea60136addaedc341fd5549c416852851ba;a70a816158e6958990c8c87c0a9de98c6bd7f0518c896fe7f8f47b4098d677fb;f3c6099e4eb192b600024cbe39dffff51c2e4a6a09a1cedf4964a3169c53fac5;c95086279c77c3d264bca0790e6d3f6944985e91633140cb758eda6d150a98dd;e5292c7f29c6539cecebfe96855e426712cda371182f42e66dcd231294d7e31c;d366f4398ab47f3c938616fa4731abfe2a48a243abfcaba7571f513edc9a16fd;691d293cbdfe9253839a8fee381589828ec0db8b2c89213eb15ac9c46aa221cc;d3e8e2e3a645a94ac9a3dfd1d1b4eb58b2b26218ca47b8a8c9ff3d5ccab90a0e;5cc1f529ed58323c2b1eaad1e81f265e44978d9c21a07ec6d1f39cedbe2bcf92;65c020d0577058cd850b6afd7283f2996e2880b9e55dec6d64d4604f3ea36417;be745f13423e4c7bb34c4270e08f1a7002a7fc07630e64a68a7cd0b5bd494396;44a4ccd79c981b31a4cc59bf8cf46873cd2efc83c78442aa5b58c128d61e4246;c8dc57da285f5f1ead93a84d6efefe7dd062b5ad364ef964fb506dad8b49baec;778736418dd7808988a0ff3ed56fee5745706a527de3cb1e80ce8fcd786daf92;923b6ef0bcaa5352a3f7c958022e355ce739541072882286ffd687c4fd477ca9;ee06ffc0366f93895a84d55751d062458c18fc96c77b38d1a9f74d300f6a1e66;6d09fada2df2addc5174a3c5b55808a9413cfee976e97ba5a286e4ecb1224294;b6b8fe5047bb9e59e744de0372e2333af0bca6f36cffca6fb51f034b76447168;b2bcdeda0dc6145df9e29ec7a11b54b31ea0b10d6b9c7e72a0548f9091320590;95b2777eda67f592136bb6fc2385ef36c10c7ca61d89ced358b33f7b144eb46e;fc3a90fa64a3991ddc1ca7af9111aac489951abfa5a6a43d3a11d569facf12fe;a38096d3e6a780cd52f9b86e6ccb10f6d938c664c924c72060037e35c16ea634;570e0de33df7c997ee77ca479b4d7e0f37cd49771c7deb67119a7d33c0e4d0b3;a2fd66ec928f7b3923f8a5486086a461858b378270c72fc2ef7e09bb47e86811;4ea941d61b9c8ade1c4b1ebda9c11671850eabe0a4a32bc413a930a1fa41afe9;b57f144e6331fd92294c8f3703a0ce47dbe6eac03df868c14c43e5ff90e40d3a;76bb0f9b0076d21513e9d79580d82942a2c742c9c2b7f260057f8a6cbf70bd7a;aa56037a5e93bf5942e3fa3595e4a141b4a0acadfc563f3c34c7789d96a58bc8;791b0e7cbb1e2c7acab95dfbe6a119cdd63e107dd24225b3ba776fc903ead4b9;5c101e70735b01ece8ec208f59d812fef6824c20c879a5b6c96bc336e3fa208d;74966bd6481e55cd1c1b4ffe1d4398ace091f32f99eefad81d66f71321752f76;2456ba8e052ad5a222e9bb087b44169e97b8319bc5d1d0c740dd9fd6dc3f229e;2e62d73964f6a30996df054cfa246aac9495c8e6bdb2fbc507476c706f02025a;0b365893b7c384b6be2c8ca19cbd585ce1be7abe5cafccf936cb4862fa52aecf;7ad66ad78ab614d3d3a050d95bb55b54ba1aa5ce0b2f85972e6818ae24a0dad3;47634774fc8ea50e7bf5f13fb0c3b1c237a597dfe3156e5b4e283cbe67bf9cfa,0.05210928,1846.80,0,"50 transaction(s) merge at least 20 inputs of at most 0.01 BTC each (largest: 73 small inputs in 5c101e70735b01ece8ec208f59d812fef6824c20c879a5b6c96bc336e3fa208d); value involving this address 0.05210928 BTC (1,847 EUR).","FATF (2020) Red Flag Indicators of ML/TF - Virtual Assets - transactions: patterns; EBA ML/TF Risk Factors Guidelines (EBA/GL/2021/02 as amended by EBA/GL/2024/01), Guideline 21 (CASPs)"
20261009T223246Z-00004,1H939dom7i4WDLCKyGbXUp3fs9CSTNRzgL,R01_OFAC_DIRECT,Direct exposure to sanctioned address,severe,100.0,12911623154cf24db7143082df008645121d5b8137b429b7eec7b633e6888bb1;30f664310ca2e9151fa6f781be11a37f64f6ac994772058553de21839a6b4cb1;72b911b402c41ad6f57dd2d46c8fc87ee1b460ca78e84823be1f60609ac262a8;d11794e69335dfb5f090e54ae5714d5705b379a75af271c4c1a507f969227440;70351a5b186f4fc3081782e797421cdf54d752dfddff5402c53597404975bdf4;779941de188cc8c6bc5f1b84a6ea9ca482a1fa7d3607ee938282c3c2bf4ca420;55c4c3d335cef5879e2325d8b691875d865dcbf6631a4c25dfd117fb3481af0e;6ff3f021d92c4b93de9427499c56f2f26cbe92efa238daebc4212269f2dc3899;e478ee9028dad99554eca7f8d3227cc5d8e2dbd91a70642fbb7cf68fdcacbe93;7b49132cd4c23ac004eaf4f950971a0c0c552f0abfe06f579e3851926f5193c7;f44d0135aced8379e5bcab12dd53dadd3e03b3a26b7652401eecf74a5fdadbbe;e1db05c963a192712b043f13d4ed746d3bd0bc055e5da0818f95b24d5d5b4136;08913d0b61bbbbe2f67f8db45871efcf65747bf9be24bfd29ff8c26bfbbcc143;acaaba0c29b99ecbf2ad72bcbb74ed6aa11932624944b6408aaa1b7a949925f8;bbdf7c25842b7ee8ebd37e6e9d18ad961e158bdcec79598ed8761d90d14b03f1;985cc3c344ebed7a290b602507f6355cd942b2a05b003275e4fd547623f3f716;5632e9ce4a28b0525d6546b9ab3f751786b2b98592d38faeb575f6519e52d129;2a3287774b4e4f1153eee6aa7ae104ac494b02433bdab8507def71aff3ebb12c;6909f1915778a94648afea38b6a26a3e10d703f1f03051b12b87b4732a593dd2;41b58f0b50363756f4a9250b83d59788f202661c4922275efaf02500e111ed7b;96af818edf2e019fbc8856ccc0b845527d62ff6ef3ee6a4dbfe4d1b94c601d1f;7fea7b6df93b3247ec085fb5d8bf35687abe11a5c9c1d593d37dee6b08c283c8;ca7b5eb0976054ad212f4bb97c5ad06de59a77b5b4084995fd109fe14124a207;991a44ede56f32650af0fc02c0e43f6a063fc2f125c2ef987afeaa08a41222db;f8bbbf616dffa2694e4d2512d92574f80031c4dc318daf35de6ef08f1b8b186a;17d5308f58b1f5076aa316f4e3f08a591bfa7387982f721fa00c446b309a3447;10245ef498b75d653e7ab36559d15de3dabf309c0a943766196047c4d79e344d;e47783be746bde584f85ac5c914a1df051e409876179e13ef34ec5493bf51de1;1cf1e599ee57281c92d69a9379105ae91520e70d21c6f5f4e0125fca041f69aa;9bb81f2aa3eeadf177a1fde9022968ce236cc7fd7edde2522c9a1d2ebb4fb9de;da614c14964fd0f06216de71033cb453130136f365856378402d69c781d64054;55a23b889689911469c40dfc3cad555dc793a9bddc49aea623265b8065e534da;28159fb1a99f9121d732517a210f64c985cb28cf71d9711383d51274eb491deb;49c69a9c9ca1b50f955cd9cdf0f1c4a911c19c4ef4b3d95d864f6b2ee43aba34;2940589efb9049bec486751feb8013bb292ead74f34ca58b076ea37e759033f0;dc64a2bf7285ac032187a58a7db9c0cfc2abb68ae33131b5323981aaf85761df;4d17d97feb51f9e8c91bd2fa8b9021a826cc41ca7740b23fef5fa99c1f2220d0;d817c3c7e1e41bed72130f34371ec5c3b505cd76938c6f78805b808e56544587;7ff75a32e62cfb420772eec35aba60a164de610d6526f477ed73dc900d461fda;425981c28c9fb74c7e2db1500e4842d09ff0f9b804de07609560e1e079dac5de;a218ee115c564e27f9b5ce810045bd739b5b5b9cf9822469b870efbef6db1d5a;c6b07b6a36838b2b9e65b8de47fd04146439655c81d273f36e39595315337542;0173bcf64cc3551b507b1b77a1622e0f4a7808c611b88717db072e748583018f;443bf8295043416d9b8da3fa0f83f75250def6e323dd74e6b2e178b1783c3c56;8e0ce86851dd8df2090232ca76133bee95972948c92bf553f36fa3a5a8a226e9;fddd6dc5c576f1238aeddb5b6e4584d5f2fd40b5b43cab106d57643d25321cd5;2495cd94850cc9688dea7feca4e67a4e41e1761427f33891cd3a527370e1dcfb;07063bd89a15b866a1bc8d1366c5110f40d6e81583b5cc268906f7ade858509f;cd6b11ef8f2745d81db78070423bae273c353aacecdfee47ce69e797d42e04ec;107b2e9d34893dfd9463549361b820173bdc27b448ec3e6500532af0da88922d;4551235cdadec696b08611aed50e5c38d93be1d0a91c88349a458773079248c2;1927f0831bbc37a5fc654ea8c313ad216134a98206c8491814a6538295150031;27a5fb3d658d5e2d88ac2ac88ae726beab08130bfd66202a4ed5cf1dc034ca29;4493de7aa54d478a42b78c0fe440d507eb5e728f06273d379e64c33b94291bdc;d07443c342dda9a7793e6e83a10184f456e424426e231f74e7e46c78c5102ff5;92295fa2b30bacbb96b919c14f58402073172fdb1d0cf682c8f57f4a564863a5;4df0111d353af7e8539b14f78a663e9008326d6764c28515c8bfe1a8c82097db;af8b9c7a062ce0988e0ee46c27c4ccf0db240febd0341b42ae89f4b5237748b9;8ebe194f9c945bb8041c81db4456248a9e39ec10c97f9bbe2a54ca70ba1492e5;90763cc8e34cb890fb07c2dfb3e2aa4b4bc90b6a229d454272fca8e6be37e33e;f19819d0f3459c9a9f22be36550614afac165de5e5f7ccb0311b71819a6afc0c;71b5515afbc1408dfc28ee5f8057b65cda50c4b619b309298ac7c5e00d57411a;9377df2168af92dffb9621648fa9f7a9aab271336f98ec7a5812642cef05653d;68277a371ad2dd629ad806187802c0c64bceaf6e23b5b2213a252d49c8d555ed;ede2ebab814e23ecc3440daac91375170a8ed68d7614c87deb5d7729b8218e6b;dae39bebb97e75ea7ff86816d3d643def943b8dfffc652c5ff65d07f759155d0;774aacdf9ff8e0b64b1d842a96d052b9d2c8607ff3a2ae914d80cdfac07f9568;57e01c280e9c79a9cf007eebe05d117ec800ff71ab1b749d08c6936dd17dbca0;31479350f1dee0bd34358e3d39dc7b4f2be0ca5bea6551de63abca0ed1a59816;6b49a27a44a6b72b47ce87eff0fb6e3a16d11fdcddeb5bc81bdc5340e558e25c;ddb2b969ca90fd5c90e11b4bfd3e96a4ff3b02ce9bf09ff0e2362731c354fc6a;9d953637a278d2375d4f4158aedc4a64266ee3fd00ac2b04d7457a2fb7837f8e;c93c8221705c916dcb23d03c59135fa058b304c487944aaa42564ff9bebce4c3;4f4c1a970da7058ac2d60190abfaf31c25bc7d3fa74697fdeccf17ca2aec7830;dc0983277a218af298d58e86babe32707cfd9ff5ee9612a5164f12bd61cc11ae;74254688ff86ab46950333b8fca9f391ad2b670c70c817be1cf7761f4ae52761;5007aca8bec959b198f02e0031aefc5e55314a6fef3dad8dba1a0cb4abaee647;0525c91b7bbe8f1cb9e2304ec2fd639008c0a6c6f5678aa513858f45b049ea7d;8c79b568868a73ce65f5bb915a0367d6521cab5ce671b1c42f7b902799d0e0d4;286be79add5df6c39702db92b028e247e89fb3395d7fdc656bb55fe9e6d8f119;a60a59a4aecf01dd716d6e80a27cac526ab28ec0e9a8e85d81dffeca74a988e6;897ccb17d17655e2777c99e13be42d26d2855f86c3190bbb74a57cca115971fc;a5d5b9aee1498906849858a11f383dfd7b41304d2092550f5c737ce5338f11ff;5707d230ff61e616f1820d9cd5dbbfc4b034d338065db07dc6ca4264d946fb3c;4e050af3e704bd263e297ea5170957c2a47e143a9609acc83b352e9593e6295c;0bb49c9569fb8994ddec8bdac8b789df36c323bda3f1c76984ccc101979d0854;5cfd1d1ab590a9dc4d0c8dbf6aab1ec1b3fb741df8b871206c5c908795373e59;b9517dd07169b7b4ec151a4809552fd6c018caa78ebea7074a9577cf21d3016c;c788f22ed6bce9d9d8fe9738c46ed0d739462c543227ff47afd8f7bfac13f49b;ed1d77ef855b2e55116a4f9d48f69a966dfb13dc1eaa91e3c9a699f3c727fb3c;d588495d8b2a176f5bf27fc38253f587b08a9e44a6c353efeceaf43fa712f2b1;e7e5081423e498c3437a75500bc2769c9a4bf3fd0c8d5c10fc4e89df429e16f0;1483e20237554145e38ee9896edb37e5bd07eedb8278a70b763985ccb1f9f05a;3f09f40b229ec2851f289d6b4b84b39a966e6f1038e823be1a957e176bead260;f47d3a64b2e43ff1175820989a794b85c11dd8fb33284f13c598023427d57605;e280bd35a63ed6dafbf91678c631a7884d898ea32b58750d682e0ac533119007;65828ef5653e5434ff09179e2c895c4feac7782f3d4f631d9508d3348e50713a;e94fcd5dc4b26a6ec1e855805437964b502ab515d423d9a7615ae3daf72f8e84;3f93ee23413070667415e50e90e435ea3e2d4787ad8d574b4abde547d15326c2;3b6265c22b1b64ad4be1a411f2e9d79b87b2b198eae0a23a6281ef28535069ae;7eb224ccae1eb00af877dfdd0e98ded8b7ae813a6af83061cc57e9deed732784;42b0fb901bb2f9b4b090f79c26846172d4aba34c9a86b62753e7994016b4a6c0;f067fa78cdb4147b154921af55f9e3a65bca98c806f3855402a0bdb6e32f7e2c;2ca6c431c670a088a8dcd210183f5bc8ffff9a29a5206ce98bf5a952bb8a9b6f;fd26526141d138ae57c012562ce056a8b4af2181e27286a2da6812071f78afbc;f42d44855cf1d228e24c5f35425b279f8d0f70c822c0695d393b9871ecf0c0cd;17bdce77fdfb3ec3b5ee417b60cc38c56d42e53c75dfa61ccabf771fe437ea8f;c3fe57f27be0f3836d9eb593df2684a37ec2ae47ac98d9fe757e785f5f122f0a;bfda0e7fa725376ffc99f109e06ee13bf648a092e61adc43bd199be123dbf7b8;2e5fd9fca37250147c032f2108e88f63b9904966908579fa6ceb42abf713a127;6d4e9476dbed667af6681494f9c3dad7f9657ab3b3ad544afb7fdbe928a20a18,2.49469675,96458.08,0,"The address itself is sanctioned: [OFAC SDN] sanctioned: Ahmad KHATIBI AGHADA (SDN uid 38419; programs: CYBER2, IFSR, IRGC); [OFAC SDN] sanctioned: Amir Hossein NIKAEEN RAVARI (SDN uid 38420; programs: CYBER2, IFSR, IRGC).",OFAC SDN list; FATF Recommendation 6 (targeted financial sanctions); FATF (2020) Red Flag Indicators of ML/TF - Virtual Assets - source of funds or wealth
20261009T223246Z-00005,1H939dom7i4WDLCKyGbXUp3fs9CSTNRzgL,R04_COINJOIN,CoinJoin participation,medium,25.0,70351a5b186f4fc3081782e797421cdf54d752dfddff5402c53597404975bdf4;7b49132cd4c23ac004eaf4f950971a0c0c552f0abfe06f579e3851926f5193c7;f44d0135aced8379e5bcab12dd53dadd3e03b3a26b7652401eecf74a5fdadbbe;2a3287774b4e4f1153eee6aa7ae104ac494b02433bdab8507def71aff3ebb12c;9bb81f2aa3eeadf177a1fde9022968ce236cc7fd7edde2522c9a1d2ebb4fb9de;55a23b889689911469c40dfc3cad555dc793a9bddc49aea623265b8065e534da;49c69a9c9ca1b50f955cd9cdf0f1c4a911c19c4ef4b3d95d864f6b2ee43aba34;68277a371ad2dd629ad806187802c0c64bceaf6e23b5b2213a252d49c8d555ed,0.00127842,0.48,0,Participated in 8 CoinJoin transaction(s) (8 equal-output (Wasabi/JoinMarket-style)) for 0.00127842 BTC (0 EUR).,"FATF (2020) Red Flag Indicators of ML/TF - Virtual Assets - anonymity; EBA ML/TF Risk Factors Guidelines (EBA/GL/2021/02 as amended by EBA/GL/2024/01), Guideline 21 (CASPs)"
20261009T223246Z-00006,1H939dom7i4WDLCKyGbXUp3fs9CSTNRzgL,R07_PASS_THROUGH,Pass-through (rapid in and out),medium,20.0,c788f22ed6bce9d9d8fe9738c46ed0d739462c543227ff47afd8f7bfac13f49b;f1e83fceb7427f45964fe21c279757acc5b3df5a0d1b922489598cf389b064df;ed1d77ef855b2e55116a4f9d48f69a966dfb13dc1eaa91e3c9a699f3c727fb3c;4491c0c9261f919f5f32306c3038ee7b761c57a0dc65e1c4115270d65fb33d86;3f09f40b229ec2851f289d6b4b84b39a966e6f1038e823be1a957e176bead260;4d8f3a5a6cccdfafc7e3a631b1d85bedd3efe04055459f8481eed42208a7f5ca;f47d3a64b2e43ff1175820989a794b85c11dd8fb33284f13c598023427d57605;e0e7913ce323528b9b892082de3624479446c062c3ed4116d4739c8b6e8c2bb2;e280bd35a63ed6dafbf91678c631a7884d898ea32b58750d682e0ac533119007;e38dd7f3e37bd7caf0b94adc36c64b6618cdb6795522d3f86fce6d2d5b95d790;65828ef5653e5434ff09179e2c895c4feac7782f3d4f631d9508d3348e50713a;d69f94e745aaa362734ce4cda980900e9814a57ca1a69cd06afaa95cd1041bd0;e94fcd5dc4b26a6ec1e855805437964b502ab515d423d9a7615ae3daf72f8e84;3f93ee23413070667415e50e90e435ea3e2d4787ad8d574b4abde547d15326c2;5d5b0c57b50d03b6d9af8516bed1bc6a5867a4ff88d9bd06ee59d59e1448d594;7eb224ccae1eb00af877dfdd0e98ded8b7ae813a6af83061cc57e9deed732784;bef08a97df129f10666da5ab322117d0a45b1f4c22a0066f62864c09163f524e;f067fa78cdb4147b154921af55f9e3a65bca98c806f3855402a0bdb6e32f7e2c;2f12797dd2153b270b145127f70d026c5d3e7fa1e8c30e0387ca4c31b7b178f8;fd26526141d138ae57c012562ce056a8b4af2181e27286a2da6812071f78afbc;f1627d945e7b2e7f737ffd44ef7295944e42bdb73990976b03e3ee2f08ae2d08;f42d44855cf1d228e24c5f35425b279f8d0f70c822c0695d393b9871ecf0c0cd;339f073980184ad13ad900172fc7be2f71d428937f6a039ef930fc8b68bb133e;17bdce77fdfb3ec3b5ee417b60cc38c56d42e53c75dfa61ccabf771fe437ea8f;c3fe57f27be0f3836d9eb593df2684a37ec2ae47ac98d9fe757e785f5f122f0a;caf01157a071c767c7cb3156ba5e2badf52ca141a8d8ceeaf69d6114e7f6cb9f;2e5fd9fca37250147c032f2108e88f63b9904966908579fa6ceb42abf713a127;8e300cee926f11ac53536e49a5982efff6ff329f60f551282d2a76ccd7dac0c1;6d4e9476dbed667af6681494f9c3dad7f9657ab3b3ad544afb7fdbe928a20a18;39c2509f32665da7960847f4ac61d4b6828a14ba5e00f49b297b567bc4142cdd,1.89308450,81846.89,0,"14 episode(s) in which funds received were sent on within 24h, leaving at most 5% of the amount received. Value passed through: 1.89308450 BTC (81,847 EUR).","FATF (2020) Red Flag Indicators of ML/TF - Virtual Assets - transactions: patterns; EBA ML/TF Risk Factors Guidelines (EBA/GL/2021/02 as amended by EBA/GL/2024/01), Guideline 21 (CASPs)"
20261009T223246Z-00007,1H939dom7i4WDLCKyGbXUp3fs9CSTNRzgL,R08_FAN_IN,Fan-in (many senders),medium,15.0,71b5515afbc1408dfc28ee5f8057b65cda50c4b619b309298ac7c5e00d57411a;9377df2168af92dffb9621648fa9f7a9aab271336f98ec7a5812642cef05653d;68277a371ad2dd629ad806187802c0c64bceaf6e23b5b2213a252d49c8d555ed,0.00154595,0.82,0,"34 distinct sending addresses within 24h (3 transactions, 0.00154595 BTC (1 EUR) received).","FATF (2020) Red Flag Indicators of ML/TF - Virtual Assets - transactions: patterns; EBA ML/TF Risk Factors Guidelines (EBA/GL/2021/02 as amended by EBA/GL/2024/01), Guideline 21 (CASPs)"
20261009T223246Z-00008,1H939dom7i4WDLCKyGbXUp3fs9CSTNRzgL,R11_DORMANT_REACTIVATION,Dormant address reactivated,medium,15.0,bcb1c109b01a84e2d176a74e81ce203dc8e1c483c6e218a3d99848436ba5d18d;e280bd35a63ed6dafbf91678c631a7884d898ea32b58750d682e0ac533119007,0.50000000,27091.45,0,"Inactive for 835 days (last activity 2019-07-17 02:45 UTC), then moved 0.50000000 BTC (27,091 EUR) (in) on 2021-10-29 22:21 UTC; EUR threshold 10,000.","FATF (2020) Red Flag Indicators of ML/TF - Virtual Assets - transactions: patterns; EBA ML/TF Risk Factors Guidelines (EBA/GL/2021/02 as amended by EBA/GL/2024/01), Guideline 21 (CASPs)"
20261009T223246Z-00009,1H939dom7i4WDLCKyGbXUp3fs9CSTNRzgL,R16_CONSOLIDATION,Consolidation of many small inputs,low,10.0,0b542834444f969b4bc96863df84d40a2aa36227c750628a402c0cbe96c2eb68;4491c0c9261f919f5f32306c3038ee7b761c57a0dc65e1c4115270d65fb33d86,0.15283915,1106.80,0,"2 transaction(s) merge at least 20 inputs of at most 0.01 BTC each (largest: 29 small inputs in 4491c0c9261f919f5f32306c3038ee7b761c57a0dc65e1c4115270d65fb33d86); value involving this address 0.15283915 BTC (1,107 EUR).","FATF (2020) Red Flag Indicators of ML/TF - Virtual Assets - transactions: patterns; EBA ML/TF Risk Factors Guidelines (EBA/GL/2021/02 as amended by EBA/GL/2024/01), Guideline 21 (CASPs)"
20261009T223246Z-00010,1H939dom7i4WDLCKyGbXUp3fs9CSTNRzgL,R21_ANOMALOUS_FEE,Anomalously high fee,low,10.0,4491c0c9261f919f5f32306c3038ee7b761c57a0dc65e1c4115270d65fb33d86,0.00294376,21.32,0,1 transaction(s) paid at least 20x the block median fee rate; worst 61.3 sat/vB vs median 3.0 in 4491c0c9261f919f5f32306c3038ee7b761c57a0dc65e1c4115270d65fb33d86. Total fees 0.00294376 BTC (21 EUR).,"FATF (2020) Red Flag Indicators of ML/TF - Virtual Assets - transactions: patterns; EBA ML/TF Risk Factors Guidelines (EBA/GL/2021/02 as amended by EBA/GL/2024/01), Guideline 21 (CASPs)"
20261009T223246Z-00011,1A1zP1eP5QGefi2DMPTfTL5SLmv7DivfNa,R10_HIGH_VELOCITY,High transaction velocity,low,10.0,cfd5c4ab5b9785f21570f7a70ff29ea08afb19a7865934c05657f1c1dc61e660;8dca6f7ef614c0a8fa45cd258a7fc299f0488585cdbbdff04b932be2be91bd48;332999eab24cbc3a50974a1e548d6ea02820ca1df323b039dcbd835a0d116b48;6cee8e02801b51f6109a37c19b5ee5d2925b25ba5f2d793630033560d532bdf5;61ba6dafb74fb7ed4e27239b37f70b375a234b9e4697b2ca2fc953944be94351;e53e82c3ce81791e6ded3348930463c53145c047850c8546a5fb77cca6683a40;843c8beb46be376206ce64ba211955bb6860b555869a3c63bbfe7ed9702ec782;4f2835fea791042eb3d8754d541d20fc3e6dee39273ac3b66afabe5d97d5ce43;319db061ec4d87f3acd9c2e556ffb73bb4a36c28e58bdb93b9375ac3a5eb3ce8;b0905f5d6d378a683affcffbcbdc816c1435a89190bd9c2039f809dd513be45b;422c52805152042ba778009d8125105ab7b876f90c7aa1d5082ba683a381d6e8;8e7e95d4a88a1d932925bcb7b9fad274fd00d3682aa0d0591160bad9f87d566b;0c73bc0f18b2e2536e131905e02e7883ef554d8604263cde16263be3e6f039ba;0eeb7f00cc6da0d80fab861bbb84148d2b3495cd02ddf5850bbccb498bc06c9c;29b2150bb9a42276a21ac406a5ebf14b80cd2310975afcf9964b23ae02b6c4d4;412eb99d45ac2d77c34240f17197ca202385adec870a6ef9be5870f579ab34fb;6da49c4f14957883c727e3303d1bf9e69944f1b5bb5bc77bc31efd4e64e19f96;86adc4ca3712c9e3927b62227e46d91fc3255d78dba2ac0847f7f3ff1f3e9b33;e738cf57c78a1fe5fc3324424547c74b12f92202ca5766557a7ddb8cc3cb1647;eec052cbf629e95e0c7b8b40ffb8c26e4c316ce1da957b704482a1a70a19a879;18cddd06adc7d9048b25df69a0036a24bce6c139f652f2426aeda57e93b92323;417fe3cb5edcce9c8fa54cfe964ba7a5cf8febd62ca03db5de9045f3be667d09;4e26fffa9b43cd8a19332222e9c332794b01f56a62181e8cc7eae048528c0b99;b72ff7913abeb7decf8d3f2b065a934de283cde0fb7d1ca688e48a64e002de91;c6e2fbf7b7ed1d71c763f0f8d68af75610b2037ffa5d7b806349bc6b9eabcc2b;f5d9cfb30510c3cae1ca44f43974d5b36652db11797f76831a01c9d52c27ba1f;33841bfb7e817f781814322c6f85de7fed8d6912813e0c6aff90ff04f548b288;b83f150b4a3487f01aa01cd816c4d5d6b0f87136082273c45bcfc82c1ce38df1;17fb12796a006f8a0fe71dccf7d48896a8eb1e25a65fd3c303786528e59027f0;1d17e521c4ff2d12cc03e1ca2de36c6a9f1324779d3bd435115c70293b2b242b;29dd1085510cce39da62224c150dfabf3b483af640569a227fdcb07b12daf1e7;474077c21912c763ceb2232b68378f7c04c446bb30fc663609897752673c4673;4b1189551683003e4be63a0b0737cef0e211e982de6fd4603f93b30b6ac00585;520a79adc25b2941ee1d8d7e272a2916624ade37857521d7d2473ea48db408cb;525119a7f664150c915285a86a5e0159bed8944e0e0945bed2c62ef7c9e4c664;53aa85ee52d2b6803a42bfa243ba2ec23293b612d7f9f2f20c3b2c0a8f16b48f;6402606cdcb123cb36a84b98c4e50bdb433242d3d2ba0a1303d6ce40dc9294e7;6f93cdbe2226abfb98520533b2660883458e10c7ffc117579f62397753d2cbbf;906535b5e49a98dc6632b7d984a304d4e1d2dd42166b71683b926bd2e2645e7a;c0868982b17f0d53d92b4ccc3bf71f8cbadb4c3d6f27140297e9bbef31dbc94e;c3565ca628da12880d71833fe007f98a147242304e08f36345d7cd9edaf319d5;f9cf3600dccb00b3bbc210bf1bc84b0de6d3e7f9a7e8d1c95a126237558eeff8;06f0494460ee21d1b286e6cce9977c87fe26d94f0a27487de5406210fce7ff69;71bdb7f52258056568a604921c274f8529ecf42add1920e0e9ffbc16aace8ac5;4bd5503bbdb6505bbd0f97e2d231148c047878c6c780d4fddbf9b8bbe615334f;66faccbfde6ee25bed9116a6c219b5fb2011a6f8849a8bc466d36ba2e9227072;77d1bfa452ffb083227b4324ab10617c8cd8d6fed4d30eee29b4363d8e7c6bd0;801f7084bedcbb7055f16c50d925e29fc282b1976fd58fdc48131e515fdea689;9c8a17aaf66be909fb26070b51464c032594da209582b51a74f585c66a6bf0a2;1156f3b9986389fa89c8bbb990c5f4c0f49618c5698d6ce63fbc386c5408e58c;36ab0e3f7b750a84cc77c917ee36c0973a2dc17ba8629ccdbac360854e85baee;bd6f8894d5e196f60271a35fa60fd3ced286accb5942893eeb45135e911bcc8a;47a8127c5f2dda596ce43adba26a517695f53bd763aacfae091b001ce6698b6f;7510f51bad0896d9a55ead96dd8be4c365b96066c33b54f5079b31843f37d1a9;9cdc2bec225ab18ad4bd586a760501d1b9a40381be1d64dfea4fa5ee1928d037;0434bd170dfaf88404e2ae96584940bd39d7c42ba21c24f0fb299bae064a4c68;35a65c6fb31a7ec8c12cec22eb024dbdb7525d42ffe945ae25268d1387ecacab;54b0c3137f329bab81e06b1bd5cb7e194b11224144cec07eac9878eac54f77be;66d7a67cf788ceaa84204c7304ba19ec0565446d9af2eeb6d61a26cb6a52c9d1;c68a085917281007cdb4130e399dd8aedc067df652086037a5b2c3601c8e9738;380290123a81725aa5120fae073ef36b1f1a454b29a595fdb9933e36dc9f9e53;be2882335a2aee5aa89f0e7241a9fc4511655e6f336c911c34f0e53135840f37;da654ebef61b9097fff133982cccef9e2a3a38e878aca0f08cf4eee7efbc4d65;e4796edfb2af474de0fb2e807714a4e1ef77a1b9504652d55f6435db0d9de080;07bf09dec3357fa0bf0a19010bcb948d89d8779f9ea9619ede963f7a7588ac59;7f7c8b0eb4cea1aaf8f6edd45b9bd3879ebc0d4d44bebf8d4530082f887ee6a0;e892fa391cd4403e6762575d5aa212dc933ab79c3e803350c3bd3992b87692ad;cc97d62b4a315296a42f10764baf101278557b1a979ca180c810e07549748263;588b84d3f31177c4eb1ffa600014ed1468afaf1e03bb4e9bbd15b356385c4929;9cdbee726ed4a3b31f24871b853799d45133ba3d454c51badb54023fa477fa66;a5ac0e6bc363c9ac6a653146be8b41dad0f107efb0716725d1951020b486b732;db2ebe269a1442a6c68b75d147e8f4fd7784c641f4d16f7ec6e9fbed41ebdde3;2175767b791e027b357e375b5b7d5fcab0cb4a5b17bd350e5825d8c658c28b19;2d4b9d9e2bd830f9ab12e302639594ce768f897059e37920288ca81c494af1e5;afcb5b4036242623d5c752f698fb6beb810f3b4a57af3a9a23bc4bd44af10931;e4463612ff69fc95bc9884102bbd49eba131eb7a06e7db92c5c558d90de51c55;15afde0165c53124cd9141b3fdaa71154dd6ec6557a03651a5169d65b37b77f3;97f0d71bc48b526e975627c0591d5a15a4d86d12532616ec765288d902948177;c7e7600b98aa4f500c9375e9d90620d0f99c1ec1912e05816ab6191e13234639;06cac9724c3878289635b7c6ab6ff0a67e0518f8fd5d99a4e8e6b52c17c0b33a;5585c0961edd877a373e3f47b977cb137403f786e0a03692e0da0e9dbf81ca06;2fe3724658441b9fcede3f945adb30a1d32c4a25926fba60fffa714d57a1ad1c;f038b04bad618d8b065c3815d646a077d820333ad951066745bcca4cc220dbda;377b2d02f5292f170dd7bf3db2eb4e35bfbfafc1bf4440b6c3e3d41d5b1ab666;aa9bff82084c60689aa0f012e6fdbacc6e6c915f3cea8ec5aff8ee07b815f9fb;f50363ebb340951c7a4a3ef52e4c2350d91a967d797c6ed92e149901079d4845;6cee783a2ecc173ca00cc9c012964f64abd523fb4fd5127f70f36dab08d88619;1b2e2f51a7d299fd8a3131bed1c1ea6c0c73d76782494e54439f7b19164a8334;8860c6bfda7ab2169fa0957a7468f49de5e2540fa085485b0688c8166cb1996d;bd32cd5e734879ef2901298b13e1cf43427e04c06cb6d113141d1f4bbe11aafe;9713de71ecd5db383d34320954d1fc8d9acf202b28793ccdc87343c0321d75b8,0.09226541,6944.82,0,"1 day(s) with more than 50 transactions; peak 91 on 2026-10-04 (0.09226541 BTC (6,945 EUR) moved).","FATF (2020) Red Flag Indicators of ML/TF - Virtual Assets - transactions: size and frequency; EBA ML/TF Risk Factors Guidelines (EBA/GL/2021/02 as amended by EBA/GL/2024/01), Guideline 21 (CASPs)"
20261009T223246Z-00012,1A1zP1eP5QGefi2DMPTfTL5SLmv7DivfNa,R15_DUST,Dust received from many sources,low,10.0,4f2835fea791042eb3d8754d541d20fc3e6dee39273ac3b66afabe5d97d5ce43;18cddd06adc7d9048b25df69a0036a24bce6c139f652f2426aeda57e93b92323;c6e2fbf7b7ed1d71c763f0f8d68af75610b2037ffa5d7b806349bc6b9eabcc2b;8860c6bfda7ab2169fa0957a7468f49de5e2540fa085485b0688c8166cb1996d;9f7e81d34fa316cc0669b63d3fee3a9f558c79a32342a85429186d7eb56fa31d;1a9cfd040a80e1adfe956f368fcbb0cc6e685bb318636f20fd7e311e27397bf7;7396a1d8f88554700425fbae69fadeee191ea420f36921bc7cc19e1948aaa6dc;e5607e4103b9faba8ee988496849650d68a4cb45b138b3e74c17dba36a4063c7;16a3ab13ba1af8bbe51f3be221355c7c613ef6db6ef3d19c9aa589dd67b831ad;d850ebb82848a60f895be7c6005d0e466f06fbbf5d204f33ab06a6830d164782;4515303e27ce6bbf948acf6ccf7135273a2be51554c1caab5072d4674d01305f;58993c11e6495e4011b1156ac25d0d4cdee83d6ec17fc2b8ffb3a05d16667074;c571dc8ec4f0447a9e0bc5eff0009f354cc3a7b1ce56d8299b5cc619c2828de8;91d8a34d9b6c11b963f625d66d1441e8ff0ee2014e194c265f813deae2636d36;f227df6197655266dedcd7fd36e4b0d90ded2bb43cd2f5a12837caa6cae01379;c9d206caa6a8567718ee375348e75541e460263c954e8def5ae5860cc845e7cd;9f1c24f20469bf21676799e3dd98bf767f72d5609ba7d894f3d05f731ab31abb;c06a5b7b841d4bbdb332d8670d0aa39cadab4401b4a495f39b4a5dc190c7aaf8;34970b4e291d60adfc06b5807aac13e3ebaf65fe89a5ad85ee5fd7f7a566cb1c;d569a9d833c584265b01ae36d7fc4f06305fd0c2fd6d570bdfd230381e898652;e053794e473d6853a40ca7ffd62a7fce05b7f7fc503062a9170838083c388fb9;01211d3df9e15adbad674d59f816c63b2bd6d54316a00541cefdd74c1a013a8b;0d1a2b444e6d555cc1b4d5c3f403eba2bc7a0371e356dfdd1ce782c99d71c6ff;171b275653dfe0250c155a4312a5ca2062abab282679e5acc18facbc41f18659;21d648babbf509e35321170ea32c6446b0308a8b1ac8d4db7271edef1602b588;4cd03b5e55dbd63bac2b4ce61d5fbd1a8963c29b3f255a76e4a29e4c67bb4e9e;53c23e2404e5c84273bef2899ecb589042c44ba0b365664a751241d81dbc45c9;5b38b8e6c131189d1366d8b73241a6034ccd637edd4d5ad1c7195dfb92d9e847;8c23b2cb60bc1887aaaa0582062289d360944ecba1d450cf05af9ed0c3b794f6;8dadf61f4f4c44ace9db929ee0d4dc86eed0f2e6283b6c6d351ed6b8ada02d51;dc1a4c59b89dc60b2650654498de11362e888dd51f3c6021790290dfc7e29800;eafaab3f6fb4f8d9371545c8eb7234550134f7b3aea4bf2eb70bd1c789835f30;1f37d210a442a948d630245146c3f1dc6d15fcc402bbfd9a98053bd8b3899b8e;896741485f9e7e5f7b43eee23b02a57941be171333b04b8fd47d80d43a64c316;058ff7273dff2a1de481d83caf7475a85c584e20cd9b52e8bd0acbee09501e77;4d7d63ce676b26e6b8ebe85c860c8a5cadf2d8f3728da644cc71ac43d0a4b823;241ba892a99b5e33560c43d3eb80212118dc44164c2c831121cca2982249b8e9;8e0a2514edbeaf55b816dbd9ac8791478270f7aa8ca87be225f3f4ed18ec69bb;9e5b0658f94b125ee204fc1c51bf85ed4977cf897eb0b3d369841aa3e0be6b32;fe0db2f6c7f516875dd483fae36560a535970be958e48b937aa9419a30484494;8893499fe0aff434113fc18be2a9d548989bf7fbf110f9867d47fde200b28123;77b8e0191d075abf93e2c55889f63284963bfd5ba8540ce9a2766f5c801407ce;12f6c54b042ce0c5e70c9870647f29006681703a74ea279be54646bedd7118be,0.00024365,18.22,0,Received 43 dust payments of at most 1000 sats each (0.00024365 BTC (18 EUR) in total): possible dusting attack.,"FATF (2020) Red Flag Indicators of ML/TF - Virtual Assets - transactions: patterns; EBA ML/TF Risk Factors Guidelines (EBA/GL/2021/02 as amended by EBA/GL/2024/01), Guideline 21 (CASPs)"
20261009T223246Z-00013,1A1zP1eP5QGefi2DMPTfTL5SLmv7DivfNa,R16_CONSOLIDATION,Consolidation of many small inputs,low,10.0,25272b9f4eb5fe758e8e7e372e8daba324a6d44f51e81ae3bfcd4fca896c16cc;265558dc1ce031b6db362974fbff15af8c30922b01e766a97d8285de3f1e0b73;436f842a614a09f9367b5df403118469efb4e1271a2254759fbd9d04ba2c20c1;7f9e002ccd4d8684e98c2b90ae0139214c94cb8287e8e324d3c378bc58bfa14c;b948f7e568463c0cc39810bf2146e5525b3834c8efbdbd30199558516ee93daf;099b17caff04db4f185850f1176a405418c448584b4cf07fcd16d5b60b54efc5;2789cedc02ef3e913e8b04da801026b08f93d0079335492dba30a6f946bec856;9cec1b50e19448b670c202d9bde4aadd2186f83f426cde8b81f2655e3cc438f1;a945ccb70ab17b006466613ba941bffc152d207db268b969d3dffdad7cbdd692;ae2a1d650bb91c657c339e884ef4654d289ed730de38f9299705e5524b2825b8;d880172c3fde1759c10cca12c121857e11e324a0a5022e328c8f81bd59eb4165,0.00338904,252.29,0,11 transaction(s) merge at least 20 inputs of at most 0.01 BTC each (largest: 166 small inputs in 436f842a614a09f9367b5df403118469efb4e1271a2254759fbd9d04ba2c20c1); value involving this address 0.00338904 BTC (252 EUR).,"FATF (2020) Red Flag Indicators of ML/TF - Virtual Assets - transactions: patterns; EBA ML/TF Risk Factors Guidelines (EBA/GL/2021/02 as amended by EBA/GL/2024/01), Guideline 21 (CASPs)"
