address,txid,block_height,block_time,direction,amount_btc,amount_eur,btc_eur_price,btc_eur_price_date,btc_eur_price_source,fee_sats,input_count,output_count,is_coinjoin
12aNKp2iDKuhEde2YfPdd4DFGenRUTKupL,c07804fe40d182984e30f4fa0d15211edcb7d145b8c1ea2bf021a8900ef9436f,733035,2022-04-22T15:56:46+00:00,in,0.00161371,59.98,37168.50,2022-04-21,mempool.space EUR,791,1,1,False
12aNKp2iDKuhEde2YfPdd4DFGenRUTKupL,c55c68ccfb1bd25e8bd0ad738b7c3bf259fb92e4bfc83714030a4a2a27de568c,733459,2022-04-25T08:27:06+00:00,out,0.00161371,59.98,37168.50,2022-04-21,mempool.space EUR,25488,21,2,False
12aNKp2iDKuhEde2YfPdd4DFGenRUTKupL,065024caba30b511053672da76533428408e30c393606860d7262a1f304c7ff4,782810,2023-03-27T21:46:11+00:00,in,0.00269005,67.63,25139.00,2023-03-27,mempool.space EUR,3740,2,2,False
12aNKp2iDKuhEde2YfPdd4DFGenRUTKupL,5decfe5085f5c408d21b6438d3ef6b535bc5643e36ef99964da96da199cdfa0d,782816,2023-03-27T23:19:51+00:00,out,0.00269005,67.63,25139.00,2023-03-27,mempool.space EUR,196944,60,2,False
12aNKp2iDKuhEde2YfPdd4DFGenRUTKupL,b0296119f42160a62a1e81695ed71851d34f60582c98824e1a18f1f270c02c2c,784980,2023-04-11T22:41:31+00:00,in,0.00089000,24.66,27703.00,2023-04-11,mempool.space EUR,2900,1,2,False
12aNKp2iDKuhEde2YfPdd4DFGenRUTKupL,ad3a65d43a002ad74563571672bf740359ef345808b9ae97c1f4c27c0b452182,784991,2023-04-12T00:13:36+00:00,out,0.00089000,24.23,27228.00,2023-04-12,mempool.space EUR,277512,60,2,False
12aNKp2iDKuhEde2YfPdd4DFGenRUTKupL,5ff5cdc46a5fc67f9074dd17462771faebdebcda4f071f2c4c1a94595a271763,788139,2023-05-03T21:05:40+00:00,in,0.00072388,18.97,26200.00,2023-05-03,mempool.space EUR,6657,3,3,False
12aNKp2iDKuhEde2YfPdd4DFGenRUTKupL,1a9f695efa5321ccd572a3932bf272f5d4bfa88f88ae799f8515863c62afd324,788148,2023-05-03T22:17:29+00:00,out,0.00072388,18.97,26200.00,2023-05-03,mempool.space EUR,1468128,60,2,False
12aNKp2iDKuhEde2YfPdd4DFGenRUTKupL,26db4cc425fa5589f46cd09a8dcb9c1da4a10f00a0ff62d3d0dcf9caf354326d,789892,2023-05-15T18:00:57+00:00,in,0.00184437,46.09,24989.00,2023-05-15,mempool.space EUR,3426,1,2,False
12aNKp2iDKuhEde2YfPdd4DFGenRUTKupL,b10b5e705d302f76b06a0cf6650137baacc3b193108cf657b5df785fc80476aa,789899,2023-05-15T19:04:47+00:00,out,0.00184437,46.09,24989.00,2023-05-15,mempool.space EUR,196944,60,2,False
12aNKp2iDKuhEde2YfPdd4DFGenRUTKupL,6961e11864a9731b2f6427333edd2ce642143c223785f1094d19b9eccb6a7ca6,791996,2023-05-29T19:37:16+00:00,in,0.00216699,56.19,25930.00,2023-05-29,mempool.space EUR,12021,2,2,False
12aNKp2iDKuhEde2YfPdd4DFGenRUTKupL,139cef33584553f2763fbd31cd862677bcc9c9209d7427ce82916a7be832761e,792005,2023-05-29T21:23:31+00:00,out,0.00216699,56.19,25930.00,2023-05-29,mempool.space EUR,438648,60,2,False
12aNKp2iDKuhEde2YfPdd4DFGenRUTKupL,31f0f4be658fe2114abe8f932a4104ff164d6135341dc5015252f0825ad20579,792312,2023-05-31T23:15:46+00:00,in,0.00320000,81.49,25466.00,2023-05-31,mempool.space EUR,8928,1,2,False
12aNKp2iDKuhEde2YfPdd4DFGenRUTKupL,269ca8a65e1edcabb27dc94de73d3a027d3a1b6e50ddc2c340e175ea4ba8c38c,792324,2023-06-01T02:02:28+00:00,out,0.00320000,78.68,24588.90,2023-06-01,mempool.space EUR,447600,60,2,False
12aNKp2iDKuhEde2YfPdd4DFGenRUTKupL,f108ee92cc77a281ee3e81c84de59268e4fd3e282df4787155e95dd63d45e296,793403,2023-06-08T13:26:45+00:00,in,0.00037660,8.73,23180.60,2023-06-08,mempool.space EUR,2947,1,1,False
12aNKp2iDKuhEde2YfPdd4DFGenRUTKupL,9500ef00ab0ab709f94cbbda79528a5ecc2ba8b9af4a76b74ca394c9c3fff600,793412,2023-06-08T14:36:56+00:00,out,0.00037660,8.73,23180.60,2023-06-08,mempool.space EUR,142688,60,1,False
12aNKp2iDKuhEde2YfPdd4DFGenRUTKupL,2743a7798ce599fd492be4f2b38411367123936d37611acbaa1f73490220e033,793475,2023-06-09T00:43:29+00:00,in,0.00154179,37.96,24623.00,2023-06-09,mempool.space EUR,3158,2,2,False
12aNKp2iDKuhEde2YfPdd4DFGenRUTKupL,f7a19511efd06dc0fa852bf7f0532b8f3169ab4028d17094a82529d32cbaa191,793487,2023-06-09T02:35:06+00:00,out,0.00154179,37.96,24623.00,2023-06-09,mempool.space EUR,142688,60,1,False
12aNKp2iDKuhEde2YfPdd4DFGenRUTKupL,084abe504df4f7d6cfd493bcf14fcc7d6bcf807b5d74977b5a2414967cf7fc47,795262,2023-06-21T01:52:50+00:00,in,0.00179802,49.09,27305.00,2023-06-21,mempool.space EUR,7223,6,2,False
12aNKp2iDKuhEde2YfPdd4DFGenRUTKupL,4fb6322442985e7b0fd94940e4fe3e3a996f7dd7637fd68a0a329b199e6143b1,795265,2023-06-21T02:45:40+00:00,out,0.00179802,49.09,27305.00,2023-06-21,mempool.space EUR,196196,60,1,False
12aNKp2iDKuhEde2YfPdd4DFGenRUTKupL,4c73784b650dc2c4d61669ade400a65cce4c917b42e3156cc0c371e4120da6a5,796885,2023-07-02T17:41:31+00:00,in,0.00096600,27.12,28076.00,2023-07-02,mempool.space EUR,1885,1,2,False
12aNKp2iDKuhEde2YfPdd4DFGenRUTKupL,83f61c155a00d70c336652abe072c8e7d02abbfcf8d3ef4390606c6398fa87b0,796891,2023-07-02T18:36:45+00:00,out,0.00096600,27.12,28076.00,2023-07-02,mempool.space EUR,98098,60,1,False
12aNKp2iDKuhEde2YfPdd4DFGenRUTKupL,3b710cf1fc8ef3fff0bb6f90b0cdbc59d7c5ae72673343b9b4a3f622b025b264,797034,2023-07-03T17:26:31+00:00,in,0.00154791,44.20,28556.00,2023-07-03,mempool.space EUR,3412,2,2,False
12aNKp2iDKuhEde2YfPdd4DFGenRUTKupL,524dbd54998abfdcc4d2063e28c3b9cf4b524f251aed98e0c890fa0e9bd2761c,797043,2023-07-03T18:52:51+00:00,out,0.00154791,44.20,28556.00,2023-07-03,mempool.space EUR,151606,60,1,False
12aNKp2iDKuhEde2YfPdd4DFGenRUTKupL,fc1b4d88c0262db55acfa94a271778d2d66a18f50bc8890c3ec9bb2f60edeb72,797085,2023-07-04T03:47:58+00:00,in,0.00147200,41.67,28311.00,2023-07-04,mempool.space EUR,2036,2,2,False
12aNKp2iDKuhEde2YfPdd4DFGenRUTKupL,98e75bf2b9e6a25f05445d21046296f4250832e4fa6739ef2f26fe98a97a660c,797093,2023-07-04T04:52:25+00:00,out,0.00147200,41.67,28311.00,2023-07-04,mempool.space EUR,222950,60,1,False
12aNKp2iDKuhEde2YfPdd4DFGenRUTKupL,f5a02c8a664902c5e300e36e8d07340d7536dcb2ab7b99332131768e5387dca4,798302,2023-07-11T20:15:42+00:00,in,0.00161030,44.78,27811.00,2023-07-11,mempool.space EUR,6164,3,3,False
12aNKp2iDKuhEde2YfPdd4DFGenRUTKupL,0f1d2ad4317d52c728e5c0d55bc052af9f23a9a11eca898031f8f4f3a1b6866f,798306,2023-07-11T20:51:45+00:00,out,0.00161030,44.78,27811.00,2023-07-11,mempool.space EUR,98098,60,1,False
12aNKp2iDKuhEde2YfPdd4DFGenRUTKupL,4b5cf89a82a1de186458d0ce4cb4bc4043fefbc772b3f9b61a662dcc639c77ab,799528,2023-07-20T12:18:02+00:00,in,0.00115516,30.60,26489.20,2023-07-20,mempool.space EUR,3845,7,2,False
12aNKp2iDKuhEde2YfPdd4DFGenRUTKupL,97ac33b8fbafa29b43d8ff345eb7d18812d6187d45475b57fbbb882991b00599,799531,2023-07-20T13:02:23+00:00,out,0.00115516,30.60,26489.20,2023-07-20,mempool.space EUR,80262,60,1,False
12aNKp2iDKuhEde2YfPdd4DFGenRUTKupL,803bdd48184ff96af8760bc92def3b9bab65297d007bc80f724c88faeb767bad,800810,2023-07-29T21:22:49+00:00,in,0.00075000,20.00,26665.00,2023-07-29,mempool.space EUR,2288,1,2,False
12aNKp2iDKuhEde2YfPdd4DFGenRUTKupL,e62f26ef264ed3c955a6254ae5efeea60136addaedc341fd5549c416852851ba,800820,2023-07-29T22:57:38+00:00,out,0.00075000,20.00,26665.00,2023-07-29,mempool.space EUR,80262,60,1,False
12aNKp2iDKuhEde2YfPdd4DFGenRUTKupL,a629d44914fc6b6445152740b9c41eda787cee8ff82d7bf1ba83c09e1426915a,802115,2023-08-07T16:15:17+00:00,in,0.00104081,27.62,26541.00,2023-08-07,mempool.space EUR,2016,1,2,False
12aNKp2iDKuhEde2YfPdd4DFGenRUTKupL,a70a816158e6958990c8c87c0a9de98c6bd7f0518c896fe7f8f47b4098d677fb,802138,2023-08-07T20:18:58+00:00,out,0.00104081,27.62,26541.00,2023-08-07,mempool.space EUR,151606,60,1,False
12aNKp2iDKuhEde2YfPdd4DFGenRUTKupL,e063382fd9f75c9ac8b781065ce8637317b16b5d5adfd999a09c5f07b02a8358,802572,2023-08-10T23:45:24+00:00,in,0.00074700,19.69,26360.10,2023-08-10,mempool.space EUR,2755,1,2,False
12aNKp2iDKuhEde2YfPdd4DFGenRUTKupL,f3c6099e4eb192b600024cbe39dffff51c2e4a6a09a1cedf4964a3169c53fac5,802577,2023-08-11T00:52:52+00:00,out,0.00074700,20.06,26854.00,2023-08-11,mempool.space EUR,124852,60,1,False
12aNKp2iDKuhEde2YfPdd4DFGenRUTKupL,1d429b8b76e1c3b0ddec0509ea5c91a1ba3e41b30184d6261795a79eda40bca3,805703,2023-09-01T07:21:59+00:00,in,0.00057690,13.96,24205.00,2023-09-01,mempool.space EUR,1556,1,1,False
12aNKp2iDKuhEde2YfPdd4DFGenRUTKupL,c95086279c77c3d264bca0790e6d3f6944985e91633140cb758eda6d150a98dd,805711,2023-09-01T09:44:33+00:00,out,0.00057690,13.96,24205.00,2023-09-01,mempool.space EUR,133770,60,1,False
12aNKp2iDKuhEde2YfPdd4DFGenRUTKupL,33136cbfe23a4ecd86f092fe1befeae35c9ece1b163a52bb3726ca23bdef18f9,806225,2023-09-04T17:19:43+00:00,in,0.00067220,16.07,23908.00,2023-09-04,mempool.space EUR,1350,1,1,False
12aNKp2iDKuhEde2YfPdd4DFGenRUTKupL,e5292c7f29c6539cecebfe96855e426712cda371182f42e66dcd231294d7e31c,806228,2023-09-04T18:34:01+00:00,out,0.00067220,16.07,23908.00,2023-09-04,mempool.space EUR,154122,61,1,False
12aNKp2iDKuhEde2YfPdd4DFGenRUTKupL,4c2c6adb23b14b6eef2e5c3fb6eacd8cb92c356ea458ea544da44018df9a8f30,807309,2023-09-12T08:34:52+00:00,in,0.00193504,46.49,24025.00,2023-09-12,mempool.space EUR,3168,1,2,False
12aNKp2iDKuhEde2YfPdd4DFGenRUTKupL,d366f4398ab47f3c938616fa4731abfe2a48a243abfcaba7571f513edc9a16fd,807312,2023-09-12T09:09:46+00:00,out,0.00193504,46.49,24025.00,2023-09-12,mempool.space EUR,151606,60,1,False
12aNKp2iDKuhEde2YfPdd4DFGenRUTKupL,7ea3f35f07d6ef89583d04d8dfd5788b871c5cfa68cdc0c7df768c71019c8c92,807326,2023-09-12T11:34:56+00:00,in,0.00082441,19.81,24025.00,2023-09-12,mempool.space EUR,2610,1,2,False
12aNKp2iDKuhEde2YfPdd4DFGenRUTKupL,691d293cbdfe9253839a8fee381589828ec0db8b2c89213eb15ac9c46aa221cc,807342,2023-09-12T12:58:44+00:00,out,0.00082441,19.81,24025.00,2023-09-12,mempool.space EUR,142688,60,1,False
12aNKp2iDKuhEde2YfPdd4DFGenRUTKupL,13920963382ccf1fcabf792d6779c1fbb3234fbc0d7c4bd6c4421f340daf6fe9,808449,2023-09-19T14:59:33+00:00,in,0.00130000,33.10,25465.00,2023-09-19,mempool.space EUR,4640,1,2,False
12aNKp2iDKuhEde2YfPdd4DFGenRUTKupL,d3e8e2e3a645a94ac9a3dfd1d1b4eb58b2b26218ca47b8a8c9ff3d5ccab90a0e,808460,2023-09-19T17:44:21+00:00,out,0.00130000,33.10,25465.00,2023-09-19,mempool.space EUR,329966,60,1,False
12aNKp2iDKuhEde2YfPdd4DFGenRUTKupL,dee6ad70407490bab9bed101a00dc0556d6a3c12c2921b34153719eb32506b24,810291,2023-10-02T10:27:38+00:00,in,0.00211847,55.76,26321.00,2023-10-02,mempool.space EUR,8073,1,3,False
12aNKp2iDKuhEde2YfPdd4DFGenRUTKupL,5cc1f529ed58323c2b1eaad1e81f265e44978d9c21a07ec6d1f39cedbe2bcf92,810299,2023-10-02T11:13:15+00:00,out,0.00211847,55.76,26321.00,2023-10-02,mempool.space EUR,231868,60,1,False
12aNKp2iDKuhEde2YfPdd4DFGenRUTKupL,a3d9e3f194b024e8bb42b5a5765bccf0d92ab78f221038deb409c540893757ed,812210,2023-10-14T22:21:18+00:00,in,0.00149087,38.14,25584.00,2023-10-14,mempool.space EUR,4683,1,2,False
12aNKp2iDKuhEde2YfPdd4DFGenRUTKupL,65c020d0577058cd850b6afd7283f2996e2880b9e55dec6d64d4604f3ea36417,812224,2023-10-15T01:07:16+00:00,out,0.00149087,38.46,25798.00,2023-10-15,mempool.space EUR,44590,60,1,False
12aNKp2iDKuhEde2YfPdd4DFGenRUTKupL,518bffd8f1126509b802e273db6bc26c2ab515ae29eaed9df28d18e9dfcb0d05,814294,2023-10-28T23:14:21+00:00,in,0.00065900,21.28,32287.00,2023-10-28,mempool.space EUR,2130,2,2,False
12aNKp2iDKuhEde2YfPdd4DFGenRUTKupL,be745f13423e4c7bb34c4270e08f1a7002a7fc07630e64a68a7cd0b5bd494396,814307,2023-10-29T01:10:21+00:00,out,0.00065900,21.57,32729.00,2023-10-29,mempool.space EUR,80262,60,1,False
12aNKp2iDKuhEde2YfPdd4DFGenRUTKupL,478248c63ffa77c81ed06047f56de919eadc66bce048d9030c72c59dbe43ad66,816715,2023-11-14T09:22:25+00:00,in,0.00272553,89.17,32715.00,2023-11-14,mempool.space EUR,16423,1,3,False
12aNKp2iDKuhEde2YfPdd4DFGenRUTKupL,3392ec421b150efa4d14bf83bd2015a6d2602d655cf9ddef3a0b441c85a75488,818003,2023-11-22T20:50:25+00:00,in,0.00146773,50.45,34375.00,2023-11-22,mempool.space EUR,17093,1,2,False
12aNKp2iDKuhEde2YfPdd4DFGenRUTKupL,a8d3210e94675d4f77d5fa0ab1ca7e916f07c95834e15f36e9b8d9ef5efd8f28,818978,2023-11-29T09:47:58+00:00,in,0.00064600,22.30,34520.00,2023-11-29,mempool.space EUR,5640,3,2,False
12aNKp2iDKuhEde2YfPdd4DFGenRUTKupL,a80934b73668e2f5b5efe8c6c8a9eed17c37ae829864c05b250019beb5030ee2,824207,2024-01-03T21:22:00+00:00,in,0.00375118,147.16,39231.00,2024-01-03,mempool.space EUR,20372,1,2,False
12aNKp2iDKuhEde2YfPdd4DFGenRUTKupL,b0acd040339fe3ddff803cdbe23de266ec73220b7232df8b74a0c53b2d520423,825873,2024-01-15T08:44:37+00:00,in,0.00117211,45.60,38900.00,2024-01-15,mempool.space EUR,24542,2,2,False
12aNKp2iDKuhEde2YfPdd4DFGenRUTKupL,44a4ccd79c981b31a4cc59bf8cf46873cd2efc83c78442aa5b58c128d61e4246,826929,2024-01-23T03:09:51+00:00,out,0.00117211,42.95,36641.00,2024-01-23,mempool.space EUR,267540,60,1,False
12aNKp2iDKuhEde2YfPdd4DFGenRUTKupL,c8dc57da285f5f1ead93a84d6efefe7dd062b5ad364ef964fb506dad8b49baec,828999,2024-02-05T05:57:15+00:00,out,0.00064600,25.58,39600.00,2024-02-05,mempool.space EUR,205114,60,1,False
12aNKp2iDKuhEde2YfPdd4DFGenRUTKupL,778736418dd7808988a0ff3ed56fee5745706a527de3cb1e80ce8fcd786daf92,829026,2024-02-05T10:25:39+00:00,out,0.00146773,58.12,39600.00,2024-02-05,mempool.space EUR,205114,60,1,False
12aNKp2iDKuhEde2YfPdd4DFGenRUTKupL,923b6ef0bcaa5352a3f7c958022e355ce739541072882286ffd687c4fd477ca9,829084,2024-02-05T19:32:40+00:00,out,0.00375118,148.55,39600.00,2024-02-05,mempool.space EUR,205114,60,1,False
12aNKp2iDKuhEde2YfPdd4DFGenRUTKupL,fb987cbe3c957d3b18d0c9822cdd9789c58276f7a2951e738928ee3b494c582f,829177,2024-02-06T09:58:07+00:00,in,0.00135143,54.19,40100.00,2024-02-06,mempool.space EUR,5620,1,2,False
12aNKp2iDKuhEde2YfPdd4DFGenRUTKupL,737d5fb339170a3cc8b0174061a5a2de56c0e0f838128ce4799d50ef63efb055,829417,2024-02-07T20:53:07+00:00,in,0.00024901,10.23,41088.00,2024-02-07,mempool.space EUR,14275,1,2,False
12aNKp2iDKuhEde2YfPdd4DFGenRUTKupL,ee06ffc0366f93895a84d55751d062458c18fc96c77b38d1a9f74d300f6a1e66,829437,2024-02-07T23:25:03+00:00,out,0.00135143,55.53,41088.00,2024-02-07,mempool.space EUR,178360,60,1,False
12aNKp2iDKuhEde2YfPdd4DFGenRUTKupL,6d09fada2df2addc5174a3c5b55808a9413cfee976e97ba5a286e4ecb1224294,829641,2024-02-09T08:45:36+00:00,out,0.00024901,10.81,43407.00,2024-02-09,mempool.space EUR,178360,60,1,False
12aNKp2iDKuhEde2YfPdd4DFGenRUTKupL,b6b8fe5047bb9e59e744de0372e2333af0bca6f36cffca6fb51f034b76447168,831077,2024-02-19T04:28:20+00:00,out,0.00272553,131.92,48400.00,2024-02-19,mempool.space EUR,89180,60,1,False
12aNKp2iDKuhEde2YfPdd4DFGenRUTKupL,681b8c06eceb201fdd272fc3fb448dfd2d2aad607232fb0e4adbe8d7fcfd54af,843037,2024-05-11T19:05:14+00:00,in,0.00034000,19.21,56514.00,2024-05-11,mempool.space EUR,5200,1,2,False
12aNKp2iDKuhEde2YfPdd4DFGenRUTKupL,b2bcdeda0dc6145df9e29ec7a11b54b31ea0b10d6b9c7e72a0548f9091320590,843049,2024-05-11T20:52:14+00:00,out,0.00034000,19.21,56514.00,2024-05-11,mempool.space EUR,133770,60,1,False
12aNKp2iDKuhEde2YfPdd4DFGenRUTKupL,78f1b56aae46ea1ea641cdf723e8153b4625bf0f6089ea012dbb20e4538ef866,845265,2024-05-26T17:46:50+00:00,in,0.00026000,16.60,63858.00,2024-05-26,mempool.space EUR,2080,1,2,False
12aNKp2iDKuhEde2YfPdd4DFGenRUTKupL,95b2777eda67f592136bb6fc2385ef36c10c7ca61d89ced358b33f7b144eb46e,845275,2024-05-26T18:56:42+00:00,out,0.00026000,16.60,63858.00,2024-05-26,mempool.space EUR,89180,60,1,False
12aNKp2iDKuhEde2YfPdd4DFGenRUTKupL,c1b6911752e4d6c0b60571ba29aa7002d0fa1088e58e922942a29dd989e50c70,847056,2024-06-08T14:32:43+00:00,in,0.00056695,36.43,64253.00,2024-06-08,mempool.space EUR,48198,8,2,False
12aNKp2iDKuhEde2YfPdd4DFGenRUTKupL,fc3a90fa64a3991ddc1ca7af9111aac489951abfa5a6a43d3a11d569facf12fe,848300,2024-06-17T07:38:17+00:00,out,0.00056695,35.30,62261.00,2024-06-17,mempool.space EUR,107016,60,1,False
12aNKp2iDKuhEde2YfPdd4DFGenRUTKupL,158882c490ee32d20426b6acbc130105142023b6a0e6a4ba68038ed8b261ee4e,864950,2024-10-09T22:51:19+00:00,in,0.00074848,42.37,56608.00,2024-10-09,mempool.space EUR,10166,1,16,False
12aNKp2iDKuhEde2YfPdd4DFGenRUTKupL,a38096d3e6a780cd52f9b86e6ccb10f6d938c664c924c72060037e35c16ea634,864961,2024-10-10T00:44:48+00:00,out,0.00074848,41.45,55380.00,2024-10-10,mempool.space EUR,44590,60,1,False
12aNKp2iDKuhEde2YfPdd4DFGenRUTKupL,129ca143c251ff4984593ae77e6e37c9280bed94f5326a08d30c88d1c98e6bae,869601,2024-11-09T19:11:38+00:00,in,0.00068057,48.61,71429.00,2024-11-09,mempool.space EUR,643,1,2,False
12aNKp2iDKuhEde2YfPdd4DFGenRUTKupL,570e0de33df7c997ee77ca479b4d7e0f37cd49771c7deb67119a7d33c0e4d0b3,869614,2024-11-09T21:02:21+00:00,out,0.00068057,48.61,71429.00,2024-11-09,mempool.space EUR,35672,60,1,False
12aNKp2iDKuhEde2YfPdd4DFGenRUTKupL,dc925dfe3cdb4ccf4093b1dc280c58313910e803888177613fecdcb3a1ce7ae4,871397,2024-11-21T22:27:44+00:00,in,0.00039266,35.00,89128.00,2024-11-21,mempool.space EUR,6480,1,2,False
12aNKp2iDKuhEde2YfPdd4DFGenRUTKupL,a2fd66ec928f7b3923f8a5486086a461858b378270c72fc2ef7e09bb47e86811,871426,2024-11-22T01:43:25+00:00,out,0.00039266,36.80,93717.00,2024-11-22,mempool.space EUR,36264,61,1,False
12aNKp2iDKuhEde2YfPdd4DFGenRUTKupL,f550bb2c6ee20f38fb9137aeb952b72b729815f94ee58619bf44c2e1a173689b,872666,2024-11-30T20:01:27+00:00,in,0.00027817,25.62,92089.00,2024-11-30,mempool.space EUR,1350,1,2,False
12aNKp2iDKuhEde2YfPdd4DFGenRUTKupL,4ea941d61b9c8ade1c4b1ebda9c11671850eabe0a4a32bc413a930a1fa41afe9,872675,2024-11-30T20:52:05+00:00,out,0.00027817,25.62,92089.00,2024-11-30,mempool.space EUR,35672,60,1,False
12aNKp2iDKuhEde2YfPdd4DFGenRUTKupL,65052b714a468edff3a7a0f70634e5f14fb8bb0cff8814c8a99214061a79544a,874491,2024-12-13T03:07:31+00:00,in,0.00015635,14.93,95459.00,2024-12-13,mempool.space EUR,6480,1,2,False
12aNKp2iDKuhEde2YfPdd4DFGenRUTKupL,b57f144e6331fd92294c8f3703a0ce47dbe6eac03df868c14c43e5ff90e40d3a,874527,2024-12-13T07:35:37+00:00,out,0.00015635,14.93,95459.00,2024-12-13,mempool.space EUR,35672,60,1,False
12aNKp2iDKuhEde2YfPdd4DFGenRUTKupL,19b8d6ff69c4ae5866040b98b5175985dc0f07c688e046dacc12e76d653b7c9a,877929,2025-01-05T12:16:24+00:00,in,0.00068628,65.40,95302.00,2025-01-05,mempool.space EUR,6692,5,2,False
12aNKp2iDKuhEde2YfPdd4DFGenRUTKupL,76bb0f9b0076d21513e9d79580d82942a2c742c9c2b7f260057f8a6cbf70bd7a,877961,2025-01-05T16:48:23+00:00,out,0.00068628,65.40,95302.00,2025-01-05,mempool.space EUR,35672,60,1,False
12aNKp2iDKuhEde2YfPdd4DFGenRUTKupL,8858abff8d7d2dd4ec0112cc4e65fa2061e1d6a9831c094efa1c9a75e4bea73e,882910,2025-02-08T16:15:15+00:00,in,0.00010837,10.14,93525.00,2025-02-08,mempool.space EUR,2880,1,2,False
12aNKp2iDKuhEde2YfPdd4DFGenRUTKupL,aa56037a5e93bf5942e3fa3595e4a141b4a0acadfc563f3c34c7789d96a58bc8,882925,2025-02-08T18:52:27+00:00,out,0.00010837,10.14,93525.00,2025-02-08,mempool.space EUR,26754,60,1,False
12aNKp2iDKuhEde2YfPdd4DFGenRUTKupL,1bb9a7a1a06f3b490e88bf33966aee5fd99c0b11e11cdfcb0ff36b7067944f8d,882964,2025-02-09T01:47:53+00:00,in,0.00020837,19.49,93537.00,2025-02-09,mempool.space EUR,144,1,2,False
12aNKp2iDKuhEde2YfPdd4DFGenRUTKupL,791b0e7cbb1e2c7acab95dfbe6a119cdd63e107dd24225b3ba776fc903ead4b9,882976,2025-02-09T04:46:26+00:00,out,0.00020837,19.49,93537.00,2025-02-09,mempool.space EUR,26754,60,1,False
12aNKp2iDKuhEde2YfPdd4DFGenRUTKupL,bb2cbf321e9c3073a99232e4736d4efdfb3f085c2cd54c0ec22acc2a63edf44d,903603,2025-07-02T03:03:20+00:00,in,0.00020533,18.38,89509.00,2025-07-02,mempool.space EUR,1440,1,2,False
12aNKp2iDKuhEde2YfPdd4DFGenRUTKupL,5c101e70735b01ece8ec208f59d812fef6824c20c879a5b6c96bc336e3fa208d,903737,2025-07-02T23:36:24+00:00,out,0.00020533,18.38,89509.00,2025-07-02,mempool.space EUR,10842,73,1,False
12aNKp2iDKuhEde2YfPdd4DFGenRUTKupL,5500752feccc9f1c6c10f6d98b9e2d244cee415dffc699ac108900a92f354c5b,927488,2025-12-11T22:40:08+00:00,in,0.00016660,13.11,78665.00,2025-12-11,mempool.space EUR,1440,1,2,False
12aNKp2iDKuhEde2YfPdd4DFGenRUTKupL,74966bd6481e55cd1c1b4ffe1d4398ace091f32f99eefad81d66f71321752f76,927515,2025-12-12T03:08:29+00:00,out,0.00016660,13.15,78952.00,2025-12-12,mempool.space EUR,17962,60,1,False
12aNKp2iDKuhEde2YfPdd4DFGenRUTKupL,b357b673858792842df5c5e70aa2839584b252173029146baf2aa02cf3d14945,929575,2025-12-26T14:54:06+00:00,in,0.00033628,24.89,74006.00,2025-12-26,mempool.space EUR,1172,1,6,False
12aNKp2iDKuhEde2YfPdd4DFGenRUTKupL,2456ba8e052ad5a222e9bb087b44169e97b8319bc5d1d0c740dd9fd6dc3f229e,929792,2025-12-28T01:56:35+00:00,out,0.00033628,25.07,74557.00,2025-12-28,mempool.space EUR,8981,60,1,False
12aNKp2iDKuhEde2YfPdd4DFGenRUTKupL,4f34d601a23a36a7799b3daa78dbda26389ba6bd7463d5577b4396d3e134eca8,930121,2025-12-30T07:39:50+00:00,in,0.00034028,25.18,74010.00,2025-12-30,mempool.space EUR,1544,2,6,False
12aNKp2iDKuhEde2YfPdd4DFGenRUTKupL,2e62d73964f6a30996df054cfa246aac9495c8e6bdb2fbc507476c706f02025a,930175,2025-12-30T18:02:56+00:00,out,0.00034028,25.18,74010.00,2025-12-30,mempool.space EUR,8981,60,1,False
12aNKp2iDKuhEde2YfPdd4DFGenRUTKupL,31fc4738a773eb31f26e6b8921f582adc0d970b86a65ff0ca8c571d7036e2e9d,935490,2026-02-07T23:46:12+00:00,in,0.00070909,42.51,59951.00,2026-02-07,mempool.space EUR,1256,4,2,False
12aNKp2iDKuhEde2YfPdd4DFGenRUTKupL,0b365893b7c384b6be2c8ca19cbd585ce1be7abe5cafccf936cb4862fa52aecf,935618,2026-02-08T18:04:12+00:00,out,0.00070909,41.66,58746.00,2026-02-08,mempool.space EUR,8981,60,1,False
12aNKp2iDKuhEde2YfPdd4DFGenRUTKupL,4f91c755fe02fb0a49be49eebb42778eaa686e943467bea14e9c3e73383f768e,948231,2026-05-06T23:14:07+00:00,in,0.00014796,10.22,69070.00,2026-05-06,mempool.space EUR,211,2,2,False
12aNKp2iDKuhEde2YfPdd4DFGenRUTKupL,7ad66ad78ab614d3d3a050d95bb55b54ba1aa5ce0b2f85972e6818ae24a0dad3,948319,2026-05-07T14:08:56+00:00,out,0.00014796,10.26,69321.00,2026-05-07,mempool.space EUR,17962,60,1,False
12aNKp2iDKuhEde2YfPdd4DFGenRUTKupL,4f021cd47584ad47917b2843f89a67b403448329807ba78c21e8686f196d98e0,962514,2026-08-15T03:13:17+00:00,in,0.00031678,17.24,54410.00,2026-08-15,mempool.space EUR,495,1,2,False
12aNKp2iDKuhEde2YfPdd4DFGenRUTKupL,47634774fc8ea50e7bf5f13fb0c3b1c237a597dfe3156e5b4e283cbe67bf9cfa,962536,2026-08-15T07:10:10+00:00,out,0.00031678,17.24,54410.00,2026-08-15,mempool.space EUR,8981,60,1,False
1H939dom7i4WDLCKyGbXUp3fs9CSTNRzgL,12911623154cf24db7143082df008645121d5b8137b429b7eec7b633e6888bb1,379573,2015-10-19T08:07:01+00:00,in,0.00006000,0.01,235.10,2015-10-15,mempool.space EUR,10085,1,55,False
1H939dom7i4WDLCKyGbXUp3fs9CSTNRzgL,30f664310ca2e9151fa6f781be11a37f64f6ac994772058553de21839a6b4cb1,380435,2015-10-25T05:19:38+00:00,in,0.00100000,0.28,276.60,2015-10-22,mempool.space EUR,10000,1,2,False
1H939dom7i4WDLCKyGbXUp3fs9CSTNRzgL,72b911b402c41ad6f57dd2d46c8fc87ee1b460ca78e84823be1f60609ac262a8,380494,2015-10-25T13:40:32+00:00,in,0.00030000,0.08,276.60,2015-10-22,mempool.space EUR,2260,1,2,False
1H939dom7i4WDLCKyGbXUp3fs9CSTNRzgL,d11794e69335dfb5f090e54ae5714d5705b379a75af271c4c1a507f969227440,380654,2015-10-26T14:46:30+00:00,in,0.00027500,0.08,276.60,2015-10-22,mempool.space EUR,2260,1,2,False
1H939dom7i4WDLCKyGbXUp3fs9CSTNRzgL,70351a5b186f4fc3081782e797421cdf54d752dfddff5402c53597404975bdf4,381036,2015-10-29T07:02:40+00:00,in,0.00025525,0.10,372.20,2015-10-29,mempool.space EUR,68996,13,500,True
1H939dom7i4WDLCKyGbXUp3fs9CSTNRzgL,779941de188cc8c6bc5f1b84a6ea9ca482a1fa7d3607ee938282c3c2bf4ca420,381237,2015-10-30T13:17:36+00:00,in,0.00015700,0.06,372.20,2015-10-29,mempool.space EUR,66923,5,501,False
1H939dom7i4WDLCKyGbXUp3fs9CSTNRzgL,55c4c3d335cef5879e2325d8b691875d865dcbf6631a4c25dfd117fb3481af0e,381389,2015-10-31T11:07:42+00:00,in,0.00006800,0.03,372.20,2015-10-29,mempool.space EUR,1380000,1,2001,False
1H939dom7i4WDLCKyGbXUp3fs9CSTNRzgL,6ff3f021d92c4b93de9427499c56f2f26cbe92efa238daebc4212269f2dc3899,381395,2015-10-31T12:09:36+00:00,in,0.00012539,0.05,372.20,2015-10-29,mempool.space EUR,1380000,1,2001,False
1H939dom7i4WDLCKyGbXUp3fs9CSTNRzgL,e478ee9028dad99554eca7f8d3227cc5d8e2dbd91a70642fbb7cf68fdcacbe93,381572,2015-11-01T15:28:08+00:00,in,0.00013314,0.05,372.20,2015-10-29,mempool.space EUR,870000,4,2500,False
1H939dom7i4WDLCKyGbXUp3fs9CSTNRzgL,7b49132cd4c23ac004eaf4f950971a0c0c552f0abfe06f579e3851926f5193c7,381998,2015-11-04T10:00:50+00:00,in,0.00015900,0.06,372.20,2015-10-29,mempool.space EUR,91388,23,500,True
1H939dom7i4WDLCKyGbXUp3fs9CSTNRzgL,f44d0135aced8379e5bcab12dd53dadd3e03b3a26b7652401eecf74a5fdadbbe,382230,2015-11-05T23:54:00+00:00,in,0.00019125,0.06,292.30,2015-11-05,mempool.space EUR,186892,8,501,True
1H939dom7i4WDLCKyGbXUp3fs9CSTNRzgL,e1db05c963a192712b043f13d4ed746d3bd0bc055e5da0818f95b24d5d5b4136,382670,2015-11-09T00:17:04+00:00,in,0.00045593,0.13,292.30,2015-11-05,mempool.space EUR,306960,1,905,False
1H939dom7i4WDLCKyGbXUp3fs9CSTNRzgL,08913d0b61bbbbe2f67f8db45871efcf65747bf9be24bfd29ff8c26bfbbcc143,383665,2015-11-15T11:44:16+00:00,in,0.00018317,0.06,314.00,2015-11-12,mempool.space EUR,339080,1,1001,False
1H939dom7i4WDLCKyGbXUp3fs9CSTNRzgL,acaaba0c29b99ecbf2ad72bcbb74ed6aa11932624944b6408aaa1b7a949925f8,384765,2015-11-22T08:10:46+00:00,in,0.00020654,0.06,309.90,2015-11-19,mempool.space EUR,352540,10,1001,False
1H939dom7i4WDLCKyGbXUp3fs9CSTNRzgL,bbdf7c25842b7ee8ebd37e6e9d18ad961e158bdcec79598ed8761d90d14b03f1,384793,2015-11-22T11:08:49+00:00,in,0.00045289,0.14,309.90,2015-11-19,mempool.space EUR,55281,3,501,False
1H939dom7i4WDLCKyGbXUp3fs9CSTNRzgL,985cc3c344ebed7a290b602507f6355cd942b2a05b003275e4fd547623f3f716,385733,2015-11-28T11:50:33+00:00,in,0.00006175,0.02,338.50,2015-11-26,mempool.space EUR,1380000,1,2001,False
1H939dom7i4WDLCKyGbXUp3fs9CSTNRzgL,5632e9ce4a28b0525d6546b9ab3f751786b2b98592d38faeb575f6519e52d129,385791,2015-11-28T22:15:07+00:00,in,0.00054938,0.19,338.50,2015-11-26,mempool.space EUR,87525,3,501,False
1H939dom7i4WDLCKyGbXUp3fs9CSTNRzgL,2a3287774b4e4f1153eee6aa7ae104ac494b02433bdab8507def71aff3ebb12c,386004,2015-11-30T07:54:11+00:00,in,0.00013023,0.04,338.50,2015-11-26,mempool.space EUR,78261,6,437,True
1H939dom7i4WDLCKyGbXUp3fs9CSTNRzgL,6909f1915778a94648afea38b6a26a3e10d703f1f03051b12b87b4732a593dd2,386293,2015-12-02T01:01:45+00:00,in,0.00035055,0.12,338.50,2015-11-26,mempool.space EUR,92909,4,501,False
1H939dom7i4WDLCKyGbXUp3fs9CSTNRzgL,41b58f0b50363756f4a9250b83d59788f202661c4922275efaf02500e111ed7b,386420,2015-12-02T19:23:20+00:00,in,0.00052007,0.18,338.50,2015-11-26,mempool.space EUR,110181,27,501,False
1H939dom7i4WDLCKyGbXUp3fs9CSTNRzgL,96af818edf2e019fbc8856ccc0b845527d62ff6ef3ee6a4dbfe4d1b94c601d1f,386724,2015-12-04T21:24:38+00:00,in,0.00103518,0.39,378.00,2015-12-03,mempool.space EUR,123038,12,501,False
1H939dom7i4WDLCKyGbXUp3fs9CSTNRzgL,7fea7b6df93b3247ec085fb5d8bf35687abe11a5c9c1d593d37dee6b08c283c8,387781,2015-12-10T23:58:00+00:00,in,0.00038567,0.16,414.40,2015-12-10,mempool.space EUR,92502,4,501,False
1H939dom7i4WDLCKyGbXUp3fs9CSTNRzgL,ca7b5eb0976054ad212f4bb97c5ad06de59a77b5b4084995fd109fe14124a207,388238,2015-12-13T23:22:52+00:00,in,0.00111658,0.46,414.40,2015-12-10,mempool.space EUR,280475,10,501,False
1H939dom7i4WDLCKyGbXUp3fs9CSTNRzgL,991a44ede56f32650af0fc02c0e43f6a063fc2f125c2ef987afeaa08a41222db,388251,2015-12-14T00:32:22+00:00,in,0.00016976,0.07,414.40,2015-12-10,mempool.space EUR,343840,4,1001,False
1H939dom7i4WDLCKyGbXUp3fs9CSTNRzgL,f8bbbf616dffa2694e4d2512d92574f80031c4dc318daf35de6ef08f1b8b186a,388767,2015-12-16T21:12:22+00:00,in,0.00061923,0.26,414.40,2015-12-10,mempool.space EUR,189364,7,500,False
1H939dom7i4WDLCKyGbXUp3fs9CSTNRzgL,17d5308f58b1f5076aa316f4e3f08a591bfa7387982f721fa00c446b309a3447,388883,2015-12-17T14:10:43+00:00,in,0.00061128,0.25,402.50,2015-12-17,mempool.space EUR,183042,4,501,False
1H939dom7i4WDLCKyGbXUp3fs9CSTNRzgL,10245ef498b75d653e7ab36559d15de3dabf309c0a943766196047c4d79e344d,388947,2015-12-18T00:42:24+00:00,in,0.00047774,0.19,402.50,2015-12-17,mempool.space EUR,185823,5,500,False
1H939dom7i4WDLCKyGbXUp3fs9CSTNRzgL,e47783be746bde584f85ac5c914a1df051e409876179e13ef34ec5493bf51de1,389172,2015-12-19T09:40:50+00:00,in,0.00007800,0.03,402.50,2015-12-17,mempool.space EUR,1380000,1,2001,False
1H939dom7i4WDLCKyGbXUp3fs9CSTNRzgL,1cf1e599ee57281c92d69a9379105ae91520e70d21c6f5f4e0125fca041f69aa,389240,2015-12-19T19:53:27+00:00,in,0.00037282,0.15,402.50,2015-12-17,mempool.space EUR,181471,3,501,False
1H939dom7i4WDLCKyGbXUp3fs9CSTNRzgL,9bb81f2aa3eeadf177a1fde9022968ce236cc7fd7edde2522c9a1d2ebb4fb9de,389304,2015-12-20T05:57:12+00:00,in,0.00005750,0.02,402.50,2015-12-17,mempool.space EUR,220000,18,568,True
1H939dom7i4WDLCKyGbXUp3fs9CSTNRzgL,da614c14964fd0f06216de71033cb453130136f365856378402d69c781d64054,389429,2015-12-20T23:33:20+00:00,in,0.00047470,0.19,402.50,2015-12-17,mempool.space EUR,168870,7,500,False
1H939dom7i4WDLCKyGbXUp3fs9CSTNRzgL,55a23b889689911469c40dfc3cad555dc793a9bddc49aea623265b8065e534da,389893,2015-12-24T00:19:55+00:00,in,0.00021555,0.08,390.00,2015-12-24,mempool.space EUR,199139,14,501,True
1H939dom7i4WDLCKyGbXUp3fs9CSTNRzgL,28159fb1a99f9121d732517a210f64c985cb28cf71d9711383d51274eb491deb,390185,2015-12-25T23:32:35+00:00,in,0.00029126,0.11,390.00,2015-12-24,mempool.space EUR,187559,6,500,False
1H939dom7i4WDLCKyGbXUp3fs9CSTNRzgL,49c69a9c9ca1b50f955cd9cdf0f1c4a911c19c4ef4b3d95d864f6b2ee43aba34,393612,2016-01-16T23:21:28+00:00,in,0.00016724,0.06,385.90,2016-01-14,mempool.space EUR,213156,13,501,True
1H939dom7i4WDLCKyGbXUp3fs9CSTNRzgL,2940589efb9049bec486751feb8013bb292ead74f34ca58b076ea37e759033f0,407043,2016-04-13T05:10:16+00:00,in,0.01987512,7.46,375.50,2016-04-07,mempool.space EUR,10848,1,2,False
1H939dom7i4WDLCKyGbXUp3fs9CSTNRzgL,dc64a2bf7285ac032187a58a7db9c0cfc2abb68ae33131b5323981aaf85761df,420457,2016-07-12T18:51:08+00:00,in,0.00110743,0.66,592.70,2016-07-07,mempool.space EUR,10800,1,2,False
1H939dom7i4WDLCKyGbXUp3fs9CSTNRzgL,4d17d97feb51f9e8c91bd2fa8b9021a826cc41ca7740b23fef5fa99c1f2220d0,420927,2016-07-16T06:18:10+00:00,in,0.00014656,0.09,606.00,2016-07-14,mempool.space EUR,10848,1,2,False
1H939dom7i4WDLCKyGbXUp3fs9CSTNRzgL,d817c3c7e1e41bed72130f34371ec5c3b505cd76938c6f78805b808e56544587,420961,2016-07-16T11:25:00+00:00,in,0.00140195,0.85,606.00,2016-07-14,mempool.space EUR,10848,1,2,False
1H939dom7i4WDLCKyGbXUp3fs9CSTNRzgL,7ff75a32e62cfb420772eec35aba60a164de610d6526f477ed73dc900d461fda,421047,2016-07-16T22:59:02+00:00,in,0.00013032,0.08,606.00,2016-07-14,mempool.space EUR,248364,1,501,False
1H939dom7i4WDLCKyGbXUp3fs9CSTNRzgL,425981c28c9fb74c7e2db1500e4842d09ff0f9b804de07609560e1e079dac5de,421275,2016-07-18T11:52:08+00:00,in,0.00132405,0.80,606.00,2016-07-14,mempool.space EUR,10800,1,2,False
1H939dom7i4WDLCKyGbXUp3fs9CSTNRzgL,a218ee115c564e27f9b5ce810045bd739b5b5b9cf9822469b870efbef6db1d5a,421289,2016-07-18T14:21:37+00:00,in,0.00030318,0.18,606.00,2016-07-14,mempool.space EUR,10848,1,2,False
1H939dom7i4WDLCKyGbXUp3fs9CSTNRzgL,c6b07b6a36838b2b9e65b8de47fd04146439655c81d273f36e39595315337542,421289,2016-07-18T14:21:37+00:00,in,0.00004179,0.03,606.00,2016-07-14,mempool.space EUR,10848,1,2,False
1H939dom7i4WDLCKyGbXUp3fs9CSTNRzgL,0173bcf64cc3551b507b1b77a1622e0f4a7808c611b88717db072e748583018f,421395,2016-07-19T09:11:06+00:00,in,0.00009192,0.06,606.00,2016-07-14,mempool.space EUR,10848,1,2,False
1H939dom7i4WDLCKyGbXUp3fs9CSTNRzgL,443bf8295043416d9b8da3fa0f83f75250def6e323dd74e6b2e178b1783c3c56,421476,2016-07-19T23:50:46+00:00,in,0.00034454,0.21,606.00,2016-07-14,mempool.space EUR,75320,1,401,False
1H939dom7i4WDLCKyGbXUp3fs9CSTNRzgL,8e0ce86851dd8df2090232ca76133bee95972948c92bf553f36fa3a5a8a226e9,421974,2016-07-23T16:10:21+00:00,in,0.00263476,1.56,591.00,2016-07-21,mempool.space EUR,10800,1,2,False
1H939dom7i4WDLCKyGbXUp3fs9CSTNRzgL,fddd6dc5c576f1238aeddb5b6e4584d5f2fd40b5b43cab106d57643d25321cd5,422105,2016-07-24T16:45:31+00:00,in,0.00062966,0.37,591.00,2016-07-21,mempool.space EUR,10848,1,2,False
1H939dom7i4WDLCKyGbXUp3fs9CSTNRzgL,2495cd94850cc9688dea7feca4e67a4e41e1761427f33891cd3a527370e1dcfb,422205,2016-07-25T10:58:42+00:00,in,0.00033034,0.20,591.00,2016-07-21,mempool.space EUR,17952,1,2,False
1H939dom7i4WDLCKyGbXUp3fs9CSTNRzgL,07063bd89a15b866a1bc8d1366c5110f40d6e81583b5cc268906f7ade858509f,422336,2016-07-26T10:55:27+00:00,in,0.00006450,0.04,591.00,2016-07-21,mempool.space EUR,75320,2,301,False
1H939dom7i4WDLCKyGbXUp3fs9CSTNRzgL,cd6b11ef8f2745d81db78070423bae273c353aacecdfee47ce69e797d42e04ec,422353,2016-07-26T14:10:48+00:00,in,0.00029372,0.17,591.00,2016-07-21,mempool.space EUR,10848,1,2,False
1H939dom7i4WDLCKyGbXUp3fs9CSTNRzgL,107b2e9d34893dfd9463549361b820173bdc27b448ec3e6500532af0da88922d,422556,2016-07-28T05:05:10+00:00,in,0.00029059,0.15,510.00,2016-07-28,mempool.space EUR,10848,1,2,False
1H939dom7i4WDLCKyGbXUp3fs9CSTNRzgL,4551235cdadec696b08611aed50e5c38d93be1d0a91c88349a458773079248c2,422556,2016-07-28T05:05:10+00:00,in,0.00064277,0.33,510.00,2016-07-28,mempool.space EUR,10848,1,2,False
1H939dom7i4WDLCKyGbXUp3fs9CSTNRzgL,1927f0831bbc37a5fc654ea8c313ad216134a98206c8491814a6538295150031,422738,2016-07-29T11:07:25+00:00,in,0.00067759,0.35,510.00,2016-07-28,mempool.space EUR,10848,1,2,False
1H939dom7i4WDLCKyGbXUp3fs9CSTNRzgL,27a5fb3d658d5e2d88ac2ac88ae726beab08130bfd66202a4ed5cf1dc034ca29,423016,2016-07-31T12:04:32+00:00,in,0.00119848,0.61,510.00,2016-07-28,mempool.space EUR,10848,1,2,False
1H939dom7i4WDLCKyGbXUp3fs9CSTNRzgL,4493de7aa54d478a42b78c0fe440d507eb5e728f06273d379e64c33b94291bdc,423302,2016-08-02T09:45:50+00:00,in,0.00111291,0.57,510.00,2016-07-28,mempool.space EUR,10848,1,2,False
1H939dom7i4WDLCKyGbXUp3fs9CSTNRzgL,d07443c342dda9a7793e6e83a10184f456e424426e231f74e7e46c78c5102ff5,423323,2016-08-02T13:09:09+00:00,in,0.00030368,0.15,510.00,2016-07-28,mempool.space EUR,10848,1,2,False
1H939dom7i4WDLCKyGbXUp3fs9CSTNRzgL,92295fa2b30bacbb96b919c14f58402073172fdb1d0cf682c8f57f4a564863a5,423391,2016-08-02T23:00:24+00:00,in,0.00019164,0.10,510.00,2016-07-28,mempool.space EUR,321974,3,501,False
1H939dom7i4WDLCKyGbXUp3fs9CSTNRzgL,4df0111d353af7e8539b14f78a663e9008326d6764c28515c8bfe1a8c82097db,423542,2016-08-03T21:32:31+00:00,in,0.00031700,0.16,510.00,2016-07-28,mempool.space EUR,331118,5,501,False
1H939dom7i4WDLCKyGbXUp3fs9CSTNRzgL,af8b9c7a062ce0988e0ee46c27c4ccf0db240febd0341b42ae89f4b5237748b9,423586,2016-08-04T05:48:05+00:00,in,0.00087460,0.46,531.20,2016-08-04,mempool.space EUR,10800,1,2,False
1H939dom7i4WDLCKyGbXUp3fs9CSTNRzgL,8ebe194f9c945bb8041c81db4456248a9e39ec10c97f9bbe2a54ca70ba1492e5,423818,2016-08-05T14:43:15+00:00,in,0.00068052,0.36,531.20,2016-08-04,mempool.space EUR,17952,2,2,False
1H939dom7i4WDLCKyGbXUp3fs9CSTNRzgL,90763cc8e34cb890fb07c2dfb3e2aa4b4bc90b6a229d454272fca8e6be37e33e,423865,2016-08-05T21:33:09+00:00,in,0.00021391,0.11,531.20,2016-08-04,mempool.space EUR,324654,3,501,False
1H939dom7i4WDLCKyGbXUp3fs9CSTNRzgL,f19819d0f3459c9a9f22be36550614afac165de5e5f7ccb0311b71819a6afc0c,424009,2016-08-06T18:14:04+00:00,in,0.00071540,0.38,531.20,2016-08-04,mempool.space EUR,25008,3,2,False
1H939dom7i4WDLCKyGbXUp3fs9CSTNRzgL,71b5515afbc1408dfc28ee5f8057b65cda50c4b619b309298ac7c5e00d57411a,424174,2016-08-07T21:16:25+00:00,in,0.00025552,0.14,531.20,2016-08-04,mempool.space EUR,331500,6,501,False
1H939dom7i4WDLCKyGbXUp3fs9CSTNRzgL,9377df2168af92dffb9621648fa9f7a9aab271336f98ec7a5812642cef05653d,424249,2016-08-08T11:38:40+00:00,in,0.00118803,0.63,531.20,2016-08-04,mempool.space EUR,10848,1,2,False
1H939dom7i4WDLCKyGbXUp3fs9CSTNRzgL,68277a371ad2dd629ad806187802c0c64bceaf6e23b5b2213a252d49c8d555ed,424290,2016-08-08T17:17:49+00:00,in,0.00010240,0.05,531.20,2016-08-04,mempool.space EUR,135660,29,250,True
1H939dom7i4WDLCKyGbXUp3fs9CSTNRzgL,ede2ebab814e23ecc3440daac91375170a8ed68d7614c87deb5d7729b8218e6b,424330,2016-08-08T21:42:00+00:00,in,0.00024077,0.13,531.20,2016-08-04,mempool.space EUR,351177,4,501,False
1H939dom7i4WDLCKyGbXUp3fs9CSTNRzgL,dae39bebb97e75ea7ff86816d3d643def943b8dfffc652c5ff65d07f759155d0,424470,2016-08-10T00:06:27+00:00,in,0.00004560,0.02,531.20,2016-08-04,mempool.space EUR,75320,1,301,False
1H939dom7i4WDLCKyGbXUp3fs9CSTNRzgL,774aacdf9ff8e0b64b1d842a96d052b9d2c8607ff3a2ae914d80cdfac07f9568,424628,2016-08-11T01:21:26+00:00,in,0.00031149,0.16,508.40,2016-08-11,mempool.space EUR,393493,6,501,False
1H939dom7i4WDLCKyGbXUp3fs9CSTNRzgL,57e01c280e9c79a9cf007eebe05d117ec800ff71ab1b749d08c6936dd17dbca0,424811,2016-08-12T07:28:08+00:00,in,0.00046267,0.24,508.40,2016-08-11,mempool.space EUR,10800,1,2,False
1H939dom7i4WDLCKyGbXUp3fs9CSTNRzgL,31479350f1dee0bd34358e3d39dc7b4f2be0ca5bea6551de63abca0ed1a59816,424908,2016-08-12T22:25:17+00:00,in,0.00015686,0.08,508.40,2016-08-11,mempool.space EUR,366865,3,501,False
1H939dom7i4WDLCKyGbXUp3fs9CSTNRzgL,6b49a27a44a6b72b47ce87eff0fb6e3a16d11fdcddeb5bc81bdc5340e558e25c,427772,2016-09-01T07:01:25+00:00,in,0.00426968,2.33,545.90,2016-09-01,mempool.space EUR,17904,2,2,False
1H939dom7i4WDLCKyGbXUp3fs9CSTNRzgL,ddb2b969ca90fd5c90e11b4bfd3e96a4ff3b02ce9bf09ff0e2362731c354fc6a,427774,2016-09-01T07:16:04+00:00,in,0.01046187,5.71,545.90,2016-09-01,mempool.space EUR,17904,2,2,False
1H939dom7i4WDLCKyGbXUp3fs9CSTNRzgL,9d953637a278d2375d4f4158aedc4a64266ee3fd00ac2b04d7457a2fb7837f8e,429232,2016-09-11T06:27:10+00:00,in,0.00155356,0.84,542.80,2016-09-08,mempool.space EUR,10848,1,2,False
1H939dom7i4WDLCKyGbXUp3fs9CSTNRzgL,c93c8221705c916dcb23d03c59135fa058b304c487944aaa42564ff9bebce4c3,430844,2016-09-21T16:27:06+00:00,in,0.00236710,1.26,533.90,2016-09-15,mempool.space EUR,17904,2,2,False
1H939dom7i4WDLCKyGbXUp3fs9CSTNRzgL,4f4c1a970da7058ac2d60190abfaf31c25bc7d3fa74697fdeccf17ca2aec7830,431771,2016-09-27T12:43:05+00:00,in,0.00129250,0.70,539.70,2016-09-22,mempool.space EUR,10800,1,2,False
1H939dom7i4WDLCKyGbXUp3fs9CSTNRzgL,dc0983277a218af298d58e86babe32707cfd9ff5ee9612a5164f12bd61cc11ae,432782,2016-10-04T06:52:44+00:00,in,0.00341384,1.88,550.40,2016-09-29,mempool.space EUR,17904,2,2,False
1H939dom7i4WDLCKyGbXUp3fs9CSTNRzgL,74254688ff86ab46950333b8fca9f391ad2b670c70c817be1cf7761f4ae52761,448279,2017-01-15T09:44:45+00:00,in,0.01817765,15.32,843.00,2017-01-12,mempool.space EUR,20000,2,2,False
1H939dom7i4WDLCKyGbXUp3fs9CSTNRzgL,5007aca8bec959b198f02e0031aefc5e55314a6fef3dad8dba1a0cb4abaee647,448285,2017-01-15T10:17:38+00:00,in,0.00142085,1.20,843.00,2017-01-12,mempool.space EUR,20000,2,2,False
1H939dom7i4WDLCKyGbXUp3fs9CSTNRzgL,0525c91b7bbe8f1cb9e2304ec2fd639008c0a6c6f5678aa513858f45b049ea7d,449921,2017-01-25T11:12:59+00:00,in,0.00260150,2.17,836.00,2017-01-19,mempool.space EUR,18880,1,2,False
1H939dom7i4WDLCKyGbXUp3fs9CSTNRzgL,8c79b568868a73ce65f5bb915a0367d6521cab5ce671b1c42f7b902799d0e0d4,451236,2017-02-02T13:38:52+00:00,in,0.00086747,0.86,987.50,2017-02-02,mempool.space EUR,20000,1,2,False
1H939dom7i4WDLCKyGbXUp3fs9CSTNRzgL,286be79add5df6c39702db92b028e247e89fb3395d7fdc656bb55fe9e6d8f119,452694,2017-02-12T12:41:02+00:00,in,0.00230649,2.21,958.30,2017-02-09,mempool.space EUR,19101,1,2,False
1H939dom7i4WDLCKyGbXUp3fs9CSTNRzgL,a60a59a4aecf01dd716d6e80a27cac526ab28ec0e9a8e85d81dffeca74a988e6,453598,2017-02-18T09:26:12+00:00,in,0.00171530,1.83,1064.90,2017-02-16,mempool.space EUR,20000,2,2,False
1H939dom7i4WDLCKyGbXUp3fs9CSTNRzgL,897ccb17d17655e2777c99e13be42d26d2855f86c3190bbb74a57cca115971fc,454359,2017-02-23T19:12:17+00:00,in,0.00128352,1.48,1155.10,2017-02-23,mempool.space EUR,20000,1,2,False
1H939dom7i4WDLCKyGbXUp3fs9CSTNRzgL,a5d5b9aee1498906849858a11f383dfd7b41304d2092550f5c737ce5338f11ff,456128,2017-03-07T09:27:58+00:00,in,0.00164472,1.75,1063.00,2017-03-02,mempool.space EUR,40000,2,2,False
1H939dom7i4WDLCKyGbXUp3fs9CSTNRzgL,5707d230ff61e616f1820d9cd5dbbfc4b034d338065db07dc6ca4264d946fb3c,458893,2017-03-25T16:03:40+00:00,in,0.00277902,2.67,962.00,2017-03-23,mempool.space EUR,40000,2,2,False
1H939dom7i4WDLCKyGbXUp3fs9CSTNRzgL,4e050af3e704bd263e297ea5170957c2a47e143a9609acc83b352e9593e6295c,471187,2017-06-14T04:51:02+00:00,in,0.05859660,129.49,2209.90,2017-06-08,mempool.space EUR,118459,2,2,False
1H939dom7i4WDLCKyGbXUp3fs9CSTNRzgL,0bb49c9569fb8994ddec8bdac8b789df36c323bda3f1c76984ccc101979d0854,472169,2017-06-20T21:22:33+00:00,in,0.00515333,12.17,2361.80,2017-06-15,mempool.space EUR,204991,1,13,False
1H939dom7i4WDLCKyGbXUp3fs9CSTNRzgL,5cfd1d1ab590a9dc4d0c8dbf6aab1ec1b3fb741df8b871206c5c908795373e59,474139,2017-07-04T04:33:56+00:00,in,0.00538193,12.34,2293.50,2017-06-29,mempool.space EUR,111767,1,6,False
1H939dom7i4WDLCKyGbXUp3fs9CSTNRzgL,b9517dd07169b7b4ec151a4809552fd6c018caa78ebea7074a9577cf21d3016c,558420,2019-01-14T00:06:04+00:00,in,0.00001005,0.03,3168.00,2019-01-10,mempool.space EUR,6903,1,180,False
1H939dom7i4WDLCKyGbXUp3fs9CSTNRzgL,0b542834444f969b4bc96863df84d40a2aa36227c750628a402c0cbe96c2eb68,579789,2019-06-08T10:24:26+00:00,out,0.01413339,102.35,7241.60,2019-06-06,mempool.space EUR,413339,27,2,False
1H939dom7i4WDLCKyGbXUp3fs9CSTNRzgL,c788f22ed6bce9d9d8fe9738c46ed0d739462c543227ff47afd8f7bfac13f49b,579790,2019-06-08T10:36:56+00:00,in,0.00500000,36.21,7241.60,2019-06-06,mempool.space EUR,16376,1,2,False
1H939dom7i4WDLCKyGbXUp3fs9CSTNRzgL,f1e83fceb7427f45964fe21c279757acc5b3df5a0d1b922489598cf389b064df,579922,2019-06-09T08:32:20+00:00,out,0.01169470,84.69,7241.60,2019-06-06,mempool.space EUR,169470,18,2,False
1H939dom7i4WDLCKyGbXUp3fs9CSTNRzgL,ed1d77ef855b2e55116a4f9d48f69a966dfb13dc1eaa91e3c9a699f3c727fb3c,579924,2019-06-09T08:37:10+00:00,in,0.00487776,35.32,7241.60,2019-06-06,mempool.space EUR,12224,1,1,False
1H939dom7i4WDLCKyGbXUp3fs9CSTNRzgL,4491c0c9261f919f5f32306c3038ee7b761c57a0dc65e1c4115270d65fb33d86,579927,2019-06-09T09:00:33+00:00,out,0.10294376,745.48,7241.60,2019-06-06,mempool.space EUR,294376,32,2,False
1H939dom7i4WDLCKyGbXUp3fs9CSTNRzgL,d588495d8b2a176f5bf27fc38253f587b08a9e44a6c353efeceaf43fa712f2b1,579959,2019-06-09T14:34:29+00:00,in,0.00500000,36.21,7241.60,2019-06-06,mempool.space EUR,14720,1,2,False
1H939dom7i4WDLCKyGbXUp3fs9CSTNRzgL,e7e5081423e498c3437a75500bc2769c9a4bf3fd0c8d5c10fc4e89df429e16f0,580047,2019-06-10T04:16:03+00:00,in,0.00800000,57.93,7241.60,2019-06-06,mempool.space EUR,14720,1,2,False
1H939dom7i4WDLCKyGbXUp3fs9CSTNRzgL,1483e20237554145e38ee9896edb37e5bd07eedb8278a70b763985ccb1f9f05a,580104,2019-06-10T12:19:24+00:00,in,0.00500000,36.21,7241.60,2019-06-06,mempool.space EUR,14720,1,2,False
1H939dom7i4WDLCKyGbXUp3fs9CSTNRzgL,872d0082fede897c8ed81f2984dc5a0024839fbc840c9cd8c93a2fa50d391d72,581246,2019-06-18T10:47:52+00:00,out,0.06069719,501.13,8256.30,2019-06-13,mempool.space EUR,69719,15,2,False
1H939dom7i4WDLCKyGbXUp3fs9CSTNRzgL,b061ef9e0452470912cefef28cd84b705466bec15462fba6f8f8b1ab3f3f9880,581589,2019-06-20T11:49:18+00:00,out,0.01030420,114.66,11127.20,2019-06-20,mempool.space EUR,30420,2,2,False
1H939dom7i4WDLCKyGbXUp3fs9CSTNRzgL,b7a5a7ae81893bc6c10a2a610933772466cb2d60205222280fd57d94fef4d560,581893,2019-06-22T17:24:24+00:00,out,0.00027190,3.03,11127.20,2019-06-20,mempool.space EUR,17190,1,2,False
1H939dom7i4WDLCKyGbXUp3fs9CSTNRzgL,b7d039baea06fbb0e9cb976ca663e7fd2ae66251e789d7954c6bba33f0c4b48b,582023,2019-06-23T11:35:14+00:00,out,0.00031455,3.50,11127.20,2019-06-20,mempool.space EUR,1455,3,2,False
1H939dom7i4WDLCKyGbXUp3fs9CSTNRzgL,3f09f40b229ec2851f289d6b4b84b39a966e6f1038e823be1a957e176bead260,582121,2019-06-24T00:27:51+00:00,in,0.00030210,3.36,11127.20,2019-06-20,mempool.space EUR,26189,1,22,False
1H939dom7i4WDLCKyGbXUp3fs9CSTNRzgL,4d8f3a5a6cccdfafc7e3a631b1d85bedd3efe04055459f8481eed42208a7f5ca,582152,2019-06-24T04:58:37+00:00,out,0.00050573,5.63,11127.20,2019-06-20,mempool.space EUR,573,1,2,False
1H939dom7i4WDLCKyGbXUp3fs9CSTNRzgL,a1b3bd09a5e1cde7a66cd9e22b8e1ffe70f63b75227ab86bfeee7136602976d8,582321,2019-06-25T04:38:53+00:00,out,0.00117381,13.06,11127.20,2019-06-20,mempool.space EUR,17381,1,2,False
1H939dom7i4WDLCKyGbXUp3fs9CSTNRzgL,0e9891ff2431a5d153674ebf3bbab04fea945c02f35b757e3cbe79e06e7928db,582377,2019-06-25T14:13:56+00:00,out,0.00149470,16.63,11127.20,2019-06-20,mempool.space EUR,49470,3,2,False
1H939dom7i4WDLCKyGbXUp3fs9CSTNRzgL,f47d3a64b2e43ff1175820989a794b85c11dd8fb33284f13c598023427d57605,584441,2019-07-08T05:29:49+00:00,in,0.00200000,21.52,10760.10,2019-07-04,mempool.space EUR,38079,5,6,False
1H939dom7i4WDLCKyGbXUp3fs9CSTNRzgL,e0e7913ce323528b9b892082de3624479446c062c3ed4116d4739c8b6e8c2bb2,584490,2019-07-08T12:39:18+00:00,out,0.00203718,21.92,10760.10,2019-07-04,mempool.space EUR,3718,2,2,False
1H939dom7i4WDLCKyGbXUp3fs9CSTNRzgL,bcb1c109b01a84e2d176a74e81ce203dc8e1c483c6e218a3d99848436ba5d18d,585761,2019-07-17T02:45:41+00:00,out,0.00031505,2.72,8644.40,2019-07-11,mempool.space EUR,573,1,1,False
1H939dom7i4WDLCKyGbXUp3fs9CSTNRzgL,e280bd35a63ed6dafbf91678c631a7884d898ea32b58750d682e0ac533119007,707328,2021-10-29T22:21:44+00:00,in,0.50000000,27091.45,54182.90,2021-10-28,mempool.space EUR,42800,2,2,False
1H939dom7i4WDLCKyGbXUp3fs9CSTNRzgL,e38dd7f3e37bd7caf0b94adc36c64b6618cdb6795522d3f86fce6d2d5b95d790,707364,2021-10-30T03:52:19+00:00,out,0.50000000,27091.45,54182.90,2021-10-28,mempool.space EUR,576,1,1,False
1H939dom7i4WDLCKyGbXUp3fs9CSTNRzgL,65828ef5653e5434ff09179e2c895c4feac7782f3d4f631d9508d3348e50713a,711651,2021-11-28T11:42:03+00:00,in,0.12328590,6238.40,50601.10,2021-11-25,mempool.space EUR,41922,1,6,False
1H939dom7i4WDLCKyGbXUp3fs9CSTNRzgL,d69f94e745aaa362734ce4cda980900e9814a57ca1a69cd06afaa95cd1041bd0,711658,2021-11-28T13:08:45+00:00,out,0.12328590,6238.40,50601.10,2021-11-25,mempool.space EUR,576,1,1,False
1H939dom7i4WDLCKyGbXUp3fs9CSTNRzgL,e94fcd5dc4b26a6ec1e855805437964b502ab515d423d9a7615ae3daf72f8e84,714955,2021-12-20T15:23:39+00:00,in,0.00541900,232.59,42922.10,2021-12-16,mempool.space EUR,16432,4,2,False
1H939dom7i4WDLCKyGbXUp3fs9CSTNRzgL,3f93ee23413070667415e50e90e435ea3e2d4787ad8d574b4abde547d15326c2,714962,2021-12-20T16:41:46+00:00,in,0.01628500,698.99,42922.10,2021-12-16,mempool.space EUR,5539,1,2,False
1H939dom7i4WDLCKyGbXUp3fs9CSTNRzgL,5d5b0c57b50d03b6d9af8516bed1bc6a5867a4ff88d9bd06ee59d59e1448d594,714979,2021-12-20T18:39:44+00:00,out,0.02170400,931.58,42922.10,2021-12-16,mempool.space EUR,3740,2,1,False
1H939dom7i4WDLCKyGbXUp3fs9CSTNRzgL,3b6265c22b1b64ad4be1a411f2e9d79b87b2b198eae0a23a6281ef28535069ae,715461,2021-12-23T22:26:11+00:00,in,0.00492500,201.54,40921.40,2021-12-23,mempool.space EUR,5157,1,2,False
1H939dom7i4WDLCKyGbXUp3fs9CSTNRzgL,20a09560ca34bf763a4ec4b3713e32bbc358ea7565d9e03d5db2bbd55faae4f9,715987,2021-12-27T13:01:24+00:00,out,0.00492500,201.54,40921.40,2021-12-23,mempool.space EUR,576,1,1,False
1H939dom7i4WDLCKyGbXUp3fs9CSTNRzgL,7eb224ccae1eb00af877dfdd0e98ded8b7ae813a6af83061cc57e9deed732784,716037,2021-12-27T22:26:25+00:00,in,0.25320000,10361.30,40921.40,2021-12-23,mempool.space EUR,1077,2,2,False
1H939dom7i4WDLCKyGbXUp3fs9CSTNRzgL,bef08a97df129f10666da5ab322117d0a45b1f4c22a0066f62864c09163f524e,716085,2021-12-28T06:26:46+00:00,out,0.25320000,10361.30,40921.40,2021-12-23,mempool.space EUR,960,1,1,False
1H939dom7i4WDLCKyGbXUp3fs9CSTNRzgL,193fe484e121f51b7043ab69b665273b0e0c9ebdceb515ebf8f231109f05cca8,716177,2021-12-28T22:32:03+00:00,out,0.10493917,4294.26,40921.40,2021-12-23,mempool.space EUR,2112,1,1,False
1H939dom7i4WDLCKyGbXUp3fs9CSTNRzgL,42b0fb901bb2f9b4b090f79c26846172d4aba34c9a86b62753e7994016b4a6c0,716177,2021-12-28T22:32:03+00:00,in,0.10493917,4294.26,40921.40,2021-12-23,mempool.space EUR,3096,2,2,False
1H939dom7i4WDLCKyGbXUp3fs9CSTNRzgL,f067fa78cdb4147b154921af55f9e3a65bca98c806f3855402a0bdb6e32f7e2c,716335,2021-12-30T00:53:01+00:00,in,0.51353000,19738.81,38437.50,2021-12-30,mempool.space EUR,64200,2,2,False
1H939dom7i4WDLCKyGbXUp3fs9CSTNRzgL,2f12797dd2153b270b145127f70d026c5d3e7fa1e8c30e0387ca4c31b7b178f8,716369,2021-12-30T05:47:23+00:00,out,0.51353000,19738.81,38437.50,2021-12-30,mempool.space EUR,1920,1,1,False
1H939dom7i4WDLCKyGbXUp3fs9CSTNRzgL,2ca6c431c670a088a8dcd210183f5bc8ffff9a29a5206ce98bf5a952bb8a9b6f,722330,2022-02-08T12:09:53+00:00,in,0.10047111,3906.39,38880.70,2022-02-03,mempool.space EUR,15733,1,48,False
1H939dom7i4WDLCKyGbXUp3fs9CSTNRzgL,ba696543391e1e00bff914d685ecb15ed71e8075f7f23cb053f98a08aa03efb3,722795,2022-02-11T17:15:44+00:00,out,0.10047111,3878.13,38599.50,2022-02-10,mempool.space EUR,960,1,1,False
1H939dom7i4WDLCKyGbXUp3fs9CSTNRzgL,fd26526141d138ae57c012562ce056a8b4af2181e27286a2da6812071f78afbc,724664,2022-02-23T22:30:11+00:00,in,0.05358105,1764.32,32928.00,2022-02-17,mempool.space EUR,9805,1,90,False
1H939dom7i4WDLCKyGbXUp3fs9CSTNRzgL,f1627d945e7b2e7f737ffd44ef7295944e42bdb73990976b03e3ee2f08ae2d08,724712,2022-02-24T06:02:26+00:00,out,0.05358105,2116.45,39499.90,2022-02-24,mempool.space EUR,768,1,1,False
1H939dom7i4WDLCKyGbXUp3fs9CSTNRzgL,f42d44855cf1d228e24c5f35425b279f8d0f70c822c0695d393b9871ecf0c0cd,726307,2022-03-07T18:13:30+00:00,in,0.03794730,1438.23,37900.80,2022-03-03,mempool.space EUR,3700,1,10,False
1H939dom7i4WDLCKyGbXUp3fs9CSTNRzgL,339f073980184ad13ad900172fc7be2f71d428937f6a039ef930fc8b68bb133e,726310,2022-03-07T18:52:13+00:00,out,0.03794730,1438.23,37900.80,2022-03-03,mempool.space EUR,2496,1,1,False
1H939dom7i4WDLCKyGbXUp3fs9CSTNRzgL,17bdce77fdfb3ec3b5ee417b60cc38c56d42e53c75dfa61ccabf771fe437ea8f,726407,2022-03-08T12:18:47+00:00,in,0.00027979,10.60,37900.80,2022-03-03,mempool.space EUR,10225,1,60,False
1H939dom7i4WDLCKyGbXUp3fs9CSTNRzgL,c3fe57f27be0f3836d9eb593df2684a37ec2ae47ac98d9fe757e785f5f122f0a,726410,2022-03-08T12:52:40+00:00,in,0.10936163,4144.89,37900.80,2022-03-03,mempool.space EUR,8176,1,48,False
1H939dom7i4WDLCKyGbXUp3fs9CSTNRzgL,caf01157a071c767c7cb3156ba5e2badf52ca141a8d8ceeaf69d6114e7f6cb9f,726410,2022-03-08T12:52:40+00:00,out,0.10964142,4155.50,37900.80,2022-03-03,mempool.space EUR,2040,2,1,False
1H939dom7i4WDLCKyGbXUp3fs9CSTNRzgL,1f143485ae23579838bbe838c6636902f60292de8aabd2f61d8cdeec61ee1837,726437,2022-03-08T17:02:05+00:00,out,0.02681658,1016.37,37900.80,2022-03-03,mempool.space EUR,2304,1,1,False
1H939dom7i4WDLCKyGbXUp3fs9CSTNRzgL,bfda0e7fa725376ffc99f109e06ee13bf648a092e61adc43bd199be123dbf7b8,726437,2022-03-08T17:02:05+00:00,in,0.02681658,1016.37,37900.80,2022-03-03,mempool.space EUR,3534,3,17,False
1H939dom7i4WDLCKyGbXUp3fs9CSTNRzgL,2e5fd9fca37250147c032f2108e88f63b9904966908579fa6ceb42abf713a127,726451,2022-03-08T18:35:16+00:00,in,0.31716160,12020.68,37900.80,2022-03-03,mempool.space EUR,2824,5,10,False
1H939dom7i4WDLCKyGbXUp3fs9CSTNRzgL,8e300cee926f11ac53536e49a5982efff6ff329f60f551282d2a76ccd7dac0c1,726452,2022-03-08T18:40:39+00:00,out,0.31716160,12020.68,37900.80,2022-03-03,mempool.space EUR,1920,1,1,False
1H939dom7i4WDLCKyGbXUp3fs9CSTNRzgL,6d4e9476dbed667af6681494f9c3dad7f9657ab3b3ad544afb7fdbe928a20a18,726683,2022-03-10T09:37:06+00:00,in,0.07650000,2854.09,37308.40,2022-03-10,mempool.space EUR,13820,1,36,False
1H939dom7i4WDLCKyGbXUp3fs9CSTNRzgL,39c2509f32665da7960847f4ac61d4b6828a14ba5e00f49b297b567bc4142cdd,726686,2022-03-10T09:53:28+00:00,out,0.07650000,2854.09,37308.40,2022-03-10,mempool.space EUR,1728,1,1,False
1A1zP1eP5QGefi2DMPTfTL5SLmv7DivfNa,cfd5c4ab5b9785f21570f7a70ff29ea08afb19a7865934c05657f1c1dc61e660,969784,2026-10-04T01:11:25+00:00,in,0.00031299,23.56,75270.00,2026-10-04,mempool.space EUR,1900,1,3,False
1A1zP1eP5QGefi2DMPTfTL5SLmv7DivfNa,8dca6f7ef614c0a8fa45cd258a7fc299f0488585cdbbdff04b932be2be91bd48,969785,2026-10-04T01:48:28+00:00,in,0.00001180,0.89,75270.00,2026-10-04,mempool.space EUR,10110,1,10,False
1A1zP1eP5QGefi2DMPTfTL5SLmv7DivfNa,332999eab24cbc3a50974a1e548d6ea02820ca1df323b039dcbd835a0d116b48,969786,2026-10-04T02:16:49+00:00,in,0.00003246,2.44,75270.00,2026-10-04,mempool.space EUR,1900,1,3,False
1A1zP1eP5QGefi2DMPTfTL5SLmv7DivfNa,6cee8e02801b51f6109a37c19b5ee5d2925b25ba5f2d793630033560d532bdf5,969786,2026-10-04T02:16:49+00:00,in,0.00004073,3.07,75270.00,2026-10-04,mempool.space EUR,1900,1,3,False
1A1zP1eP5QGefi2DMPTfTL5SLmv7DivfNa,61ba6dafb74fb7ed4e27239b37f70b375a234b9e4697b2ca2fc953944be94351,969790,2026-10-04T02:54:26+00:00,in,0.00003880,2.92,75270.00,2026-10-04,mempool.space EUR,1330,1,3,False
1A1zP1eP5QGefi2DMPTfTL5SLmv7DivfNa,e53e82c3ce81791e6ded3348930463c53145c047850c8546a5fb77cca6683a40,969794,2026-10-04T04:02:56+00:00,in,0.00003840,2.89,75270.00,2026-10-04,mempool.space EUR,1330,1,3,False
1A1zP1eP5QGefi2DMPTfTL5SLmv7DivfNa,843c8beb46be376206ce64ba211955bb6860b555869a3c63bbfe7ed9702ec782,969812,2026-10-04T07:58:10+00:00,in,0.00004234,3.19,75270.00,2026-10-04,mempool.space EUR,950,1,3,False
1A1zP1eP5QGefi2DMPTfTL5SLmv7DivfNa,4f2835fea791042eb3d8754d541d20fc3e6dee39273ac3b66afabe5d97d5ce43,969819,2026-10-04T09:07:30+00:00,in,0.00000546,0.41,75270.00,2026-10-04,mempool.space EUR,538,2,2,False
1A1zP1eP5QGefi2DMPTfTL5SLmv7DivfNa,319db061ec4d87f3acd9c2e556ffb73bb4a36c28e58bdb93b9375ac3a5eb3ce8,969835,2026-10-04T11:29:56+00:00,in,0.00007642,5.75,75270.00,2026-10-04,mempool.space EUR,950,1,3,False
1A1zP1eP5QGefi2DMPTfTL5SLmv7DivfNa,b0905f5d6d378a683affcffbcbdc816c1435a89190bd9c2039f809dd513be45b,969838,2026-10-04T11:47:23+00:00,in,0.00002222,1.67,75270.00,2026-10-04,mempool.space EUR,362,1,2,False
1A1zP1eP5QGefi2DMPTfTL5SLmv7DivfNa,422c52805152042ba778009d8125105ab7b876f90c7aa1d5082ba683a381d6e8,969844,2026-10-04T12:53:01+00:00,in,0.00001436,1.08,75270.00,2026-10-04,mempool.space EUR,748,1,3,False
1A1zP1eP5QGefi2DMPTfTL5SLmv7DivfNa,8e7e95d4a88a1d932925bcb7b9fad274fd00d3682aa0d0591160bad9f87d566b,969858,2026-10-04T14:03:24+00:00,in,0.00042303,31.84,75270.00,2026-10-04,mempool.space EUR,950,1,3,False
1A1zP1eP5QGefi2DMPTfTL5SLmv7DivfNa,0c73bc0f18b2e2536e131905e02e7883ef554d8604263cde16263be3e6f039ba,969861,2026-10-04T14:55:54+00:00,in,0.00046588,35.07,75270.00,2026-10-04,mempool.space EUR,1165,1,3,False
1A1zP1eP5QGefi2DMPTfTL5SLmv7DivfNa,0eeb7f00cc6da0d80fab861bbb84148d2b3495cd02ddf5850bbccb498bc06c9c,969861,2026-10-04T14:55:54+00:00,in,0.00014548,10.95,75270.00,2026-10-04,mempool.space EUR,1140,1,3,False
1A1zP1eP5QGefi2DMPTfTL5SLmv7DivfNa,29b2150bb9a42276a21ac406a5ebf14b80cd2310975afcf9964b23ae02b6c4d4,969861,2026-10-04T14:55:54+00:00,in,0.00135178,101.75,75270.00,2026-10-04,mempool.space EUR,950,1,3,False
1A1zP1eP5QGefi2DMPTfTL5SLmv7DivfNa,412eb99d45ac2d77c34240f17197ca202385adec870a6ef9be5870f579ab34fb,969861,2026-10-04T14:55:54+00:00,in,0.06871954,5172.52,75270.00,2026-10-04,mempool.space EUR,5370,14,3,False
1A1zP1eP5QGefi2DMPTfTL5SLmv7DivfNa,6da49c4f14957883c727e3303d1bf9e69944f1b5bb5bc77bc31efd4e64e19f96,969861,2026-10-04T14:55:54+00:00,in,0.00017483,13.16,75270.00,2026-10-04,mempool.space EUR,1140,1,3,False
1A1zP1eP5QGefi2DMPTfTL5SLmv7DivfNa,86adc4ca3712c9e3927b62227e46d91fc3255d78dba2ac0847f7f3ff1f3e9b33,969861,2026-10-04T14:55:54+00:00,in,0.00160454,120.77,75270.00,2026-10-04,mempool.space EUR,950,1,3,False
1A1zP1eP5QGefi2DMPTfTL5SLmv7DivfNa,e738cf57c78a1fe5fc3324424547c74b12f92202ca5766557a7ddb8cc3cb1647,969861,2026-10-04T14:55:54+00:00,in,0.00018085,13.61,75270.00,2026-10-04,mempool.space EUR,950,1,3,False
1A1zP1eP5QGefi2DMPTfTL5SLmv7DivfNa,eec052cbf629e95e0c7b8b40ffb8c26e4c316ce1da957b704482a1a70a19a879,969861,2026-10-04T14:55:54+00:00,in,0.00005443,4.10,75270.00,2026-10-04,mempool.space EUR,950,1,3,False
1A1zP1eP5QGefi2DMPTfTL5SLmv7DivfNa,18cddd06adc7d9048b25df69a0036a24bce6c139f652f2426aeda57e93b92323,969862,2026-10-04T14:59:55+00:00,in,0.00000605,0.46,75270.00,2026-10-04,mempool.space EUR,313,3,1,False
1A1zP1eP5QGefi2DMPTfTL5SLmv7DivfNa,417fe3cb5edcce9c8fa54cfe964ba7a5cf8febd62ca03db5de9045f3be667d09,969862,2026-10-04T14:59:55+00:00,in,0.00048357,36.40,75270.00,2026-10-04,mempool.space EUR,950,1,3,False
1A1zP1eP5QGefi2DMPTfTL5SLmv7DivfNa,4e26fffa9b43cd8a19332222e9c332794b01f56a62181e8cc7eae048528c0b99,969863,2026-10-04T15:06:08+00:00,in,0.00109620,82.51,75270.00,2026-10-04,mempool.space EUR,1290,2,3,False
1A1zP1eP5QGefi2DMPTfTL5SLmv7DivfNa,b72ff7913abeb7decf8d3f2b065a934de283cde0fb7d1ca688e48a64e002de91,969863,2026-10-04T15:06:08+00:00,in,0.00046414,34.94,75270.00,2026-10-04,mempool.space EUR,950,1,3,False
1A1zP1eP5QGefi2DMPTfTL5SLmv7DivfNa,c6e2fbf7b7ed1d71c763f0f8d68af75610b2037ffa5d7b806349bc6b9eabcc2b,969863,2026-10-04T15:06:08+00:00,in,0.00000669,0.50,75270.00,2026-10-04,mempool.space EUR,249,3,1,False
1A1zP1eP5QGefi2DMPTfTL5SLmv7DivfNa,f5d9cfb30510c3cae1ca44f43974d5b36652db11797f76831a01c9d52c27ba1f,969863,2026-10-04T15:06:08+00:00,in,0.00036059,27.14,75270.00,2026-10-04,mempool.space EUR,950,1,3,False
1A1zP1eP5QGefi2DMPTfTL5SLmv7DivfNa,33841bfb7e817f781814322c6f85de7fed8d6912813e0c6aff90ff04f548b288,969864,2026-10-04T15:18:01+00:00,in,0.00039459,29.70,75270.00,2026-10-04,mempool.space EUR,950,1,3,False
1A1zP1eP5QGefi2DMPTfTL5SLmv7DivfNa,b83f150b4a3487f01aa01cd816c4d5d6b0f87136082273c45bcfc82c1ce38df1,969864,2026-10-04T15:18:01+00:00,in,0.00021408,16.11,75270.00,2026-10-04,mempool.space EUR,950,1,3,False
1A1zP1eP5QGefi2DMPTfTL5SLmv7DivfNa,17fb12796a006f8a0fe71dccf7d48896a8eb1e25a65fd3c303786528e59027f0,969865,2026-10-04T15:51:51+00:00,in,0.00047721,35.92,75270.00,2026-10-04,mempool.space EUR,950,1,3,False
1A1zP1eP5QGefi2DMPTfTL5SLmv7DivfNa,1d17e521c4ff2d12cc03e1ca2de36c6a9f1324779d3bd435115c70293b2b242b,969865,2026-10-04T15:51:51+00:00,in,0.00021307,16.04,75270.00,2026-10-04,mempool.space EUR,1140,1,3,False
1A1zP1eP5QGefi2DMPTfTL5SLmv7DivfNa,29dd1085510cce39da62224c150dfabf3b483af640569a227fdcb07b12daf1e7,969865,2026-10-04T15:51:51+00:00,in,0.00034951,26.31,75270.00,2026-10-04,mempool.space EUR,1140,1,3,False
1A1zP1eP5QGefi2DMPTfTL5SLmv7DivfNa,474077c21912c763ceb2232b68378f7c04c446bb30fc663609897752673c4673,969865,2026-10-04T15:51:51+00:00,in,0.00065622,49.39,75270.00,2026-10-04,mempool.space EUR,950,1,3,False
1A1zP1eP5QGefi2DMPTfTL5SLmv7DivfNa,4b1189551683003e4be63a0b0737cef0e211e982de6fd4603f93b30b6ac00585,969865,2026-10-04T15:51:51+00:00,in,0.00012550,9.45,75270.00,2026-10-04,mempool.space EUR,1140,1,3,False
1A1zP1eP5QGefi2DMPTfTL5SLmv7DivfNa,520a79adc25b2941ee1d8d7e272a2916624ade37857521d7d2473ea48db408cb,969865,2026-10-04T15:51:51+00:00,in,0.00057438,43.23,75270.00,2026-10-04,mempool.space EUR,950,1,3,False
1A1zP1eP5QGefi2DMPTfTL5SLmv7DivfNa,525119a7f664150c915285a86a5e0159bed8944e0e0945bed2c62ef7c9e4c664,969865,2026-10-04T15:51:51+00:00,in,0.00004314,3.25,75270.00,2026-10-04,mempool.space EUR,950,1,3,False
1A1zP1eP5QGefi2DMPTfTL5SLmv7DivfNa,53aa85ee52d2b6803a42bfa243ba2ec23293b612d7f9f2f20c3b2c0a8f16b48f,969865,2026-10-04T15:51:51+00:00,in,0.00025991,19.56,75270.00,2026-10-04,mempool.space EUR,950,1,3,False
1A1zP1eP5QGefi2DMPTfTL5SLmv7DivfNa,6402606cdcb123cb36a84b98c4e50bdb433242d3d2ba0a1303d6ce40dc9294e7,969865,2026-10-04T15:51:51+00:00,in,0.00040964,30.83,75270.00,2026-10-04,mempool.space EUR,950,1,3,False
1A1zP1eP5QGefi2DMPTfTL5SLmv7DivfNa,6f93cdbe2226abfb98520533b2660883458e10c7ffc117579f62397753d2cbbf,969865,2026-10-04T15:51:51+00:00,in,0.00016935,12.75,75270.00,2026-10-04,mempool.space EUR,950,1,3,False
1A1zP1eP5QGefi2DMPTfTL5SLmv7DivfNa,906535b5e49a98dc6632b7d984a304d4e1d2dd42166b71683b926bd2e2645e7a,969865,2026-10-04T15:51:51+00:00,in,0.00068172,51.31,75270.00,2026-10-04,mempool.space EUR,1140,1,3,False
1A1zP1eP5QGefi2DMPTfTL5SLmv7DivfNa,c0868982b17f0d53d92b4ccc3bf71f8cbadb4c3d6f27140297e9bbef31dbc94e,969865,2026-10-04T15:51:51+00:00,in,0.00012103,9.11,75270.00,2026-10-04,mempool.space EUR,950,1,3,False
1A1zP1eP5QGefi2DMPTfTL5SLmv7DivfNa,c3565ca628da12880d71833fe007f98a147242304e08f36345d7cd9edaf319d5,969865,2026-10-04T15:51:51+00:00,in,0.00140035,105.40,75270.00,2026-10-04,mempool.space EUR,950,1,3,False
1A1zP1eP5QGefi2DMPTfTL5SLmv7DivfNa,f9cf3600dccb00b3bbc210bf1bc84b0de6d3e7f9a7e8d1c95a126237558eeff8,969865,2026-10-04T15:51:51+00:00,in,0.00089315,67.23,75270.00,2026-10-04,mempool.space EUR,950,1,3,False
1A1zP1eP5QGefi2DMPTfTL5SLmv7DivfNa,06f0494460ee21d1b286e6cce9977c87fe26d94f0a27487de5406210fce7ff69,969866,2026-10-04T15:58:53+00:00,in,0.00054523,41.04,75270.00,2026-10-04,mempool.space EUR,1520,1,3,False
1A1zP1eP5QGefi2DMPTfTL5SLmv7DivfNa,71bdb7f52258056568a604921c274f8529ecf42add1920e0e9ffbc16aace8ac5,969867,2026-10-04T15:56:49+00:00,in,0.00020275,15.26,75270.00,2026-10-04,mempool.space EUR,950,1,3,False
1A1zP1eP5QGefi2DMPTfTL5SLmv7DivfNa,4bd5503bbdb6505bbd0f97e2d231148c047878c6c780d4fddbf9b8bbe615334f,969868,2026-10-04T16:12:27+00:00,in,0.00047771,35.96,75270.00,2026-10-04,mempool.space EUR,950,1,3,False
1A1zP1eP5QGefi2DMPTfTL5SLmv7DivfNa,66faccbfde6ee25bed9116a6c219b5fb2011a6f8849a8bc466d36ba2e9227072,969868,2026-10-04T16:12:27+00:00,in,0.00014112,10.62,75270.00,2026-10-04,mempool.space EUR,950,1,3,False
1A1zP1eP5QGefi2DMPTfTL5SLmv7DivfNa,77d1bfa452ffb083227b4324ab10617c8cd8d6fed4d30eee29b4363d8e7c6bd0,969868,2026-10-04T16:12:27+00:00,in,0.00018216,13.71,75270.00,2026-10-04,mempool.space EUR,950,1,3,False
1A1zP1eP5QGefi2DMPTfTL5SLmv7DivfNa,801f7084bedcbb7055f16c50d925e29fc282b1976fd58fdc48131e515fdea689,969868,2026-10-04T16:12:27+00:00,in,0.00102062,76.82,75270.00,2026-10-04,mempool.space EUR,950,1,3,False
1A1zP1eP5QGefi2DMPTfTL5SLmv7DivfNa,9c8a17aaf66be909fb26070b51464c032594da209582b51a74f585c66a6bf0a2,969868,2026-10-04T16:12:27+00:00,in,0.00013390,10.08,75270.00,2026-10-04,mempool.space EUR,950,1,3,False
1A1zP1eP5QGefi2DMPTfTL5SLmv7DivfNa,1156f3b9986389fa89c8bbb990c5f4c0f49618c5698d6ce63fbc386c5408e58c,969869,2026-10-04T16:21:23+00:00,in,0.00074514,56.09,75270.00,2026-10-04,mempool.space EUR,950,1,3,False
1A1zP1eP5QGefi2DMPTfTL5SLmv7DivfNa,36ab0e3f7b750a84cc77c917ee36c0973a2dc17ba8629ccdbac360854e85baee,969869,2026-10-04T16:21:23+00:00,in,0.00014309,10.77,75270.00,2026-10-04,mempool.space EUR,950,1,3,False
1A1zP1eP5QGefi2DMPTfTL5SLmv7DivfNa,bd6f8894d5e196f60271a35fa60fd3ced286accb5942893eeb45135e911bcc8a,969869,2026-10-04T16:21:23+00:00,in,0.00044352,33.38,75270.00,2026-10-04,mempool.space EUR,950,1,3,False
1A1zP1eP5QGefi2DMPTfTL5SLmv7DivfNa,47a8127c5f2dda596ce43adba26a517695f53bd763aacfae091b001ce6698b6f,969870,2026-10-04T16:24:08+00:00,in,0.00004708,3.54,75270.00,2026-10-04,mempool.space EUR,950,1,3,False
1A1zP1eP5QGefi2DMPTfTL5SLmv7DivfNa,7510f51bad0896d9a55ead96dd8be4c365b96066c33b54f5079b31843f37d1a9,969870,2026-10-04T16:24:08+00:00,in,0.00024614,18.53,75270.00,2026-10-04,mempool.space EUR,950,1,3,False
1A1zP1eP5QGefi2DMPTfTL5SLmv7DivfNa,9cdc2bec225ab18ad4bd586a760501d1b9a40381be1d64dfea4fa5ee1928d037,969872,2026-10-04T16:29:51+00:00,in,0.00020162,15.18,75270.00,2026-10-04,mempool.space EUR,950,1,3,False
1A1zP1eP5QGefi2DMPTfTL5SLmv7DivfNa,0434bd170dfaf88404e2ae96584940bd39d7c42ba21c24f0fb299bae064a4c68,969873,2026-10-04T16:40:10+00:00,in,0.00020027,15.07,75270.00,2026-10-04,mempool.space EUR,950,1,3,False
1A1zP1eP5QGefi2DMPTfTL5SLmv7DivfNa,35a65c6fb31a7ec8c12cec22eb024dbdb7525d42ffe945ae25268d1387ecacab,969873,2026-10-04T16:40:10+00:00,in,0.00022953,17.28,75270.00,2026-10-04,mempool.space EUR,950,1,3,False
1A1zP1eP5QGefi2DMPTfTL5SLmv7DivfNa,54b0c3137f329bab81e06b1bd5cb7e194b11224144cec07eac9878eac54f77be,969873,2026-10-04T16:40:10+00:00,in,0.00035193,26.49,75270.00,2026-10-04,mempool.space EUR,950,1,3,False
1A1zP1eP5QGefi2DMPTfTL5SLmv7DivfNa,66d7a67cf788ceaa84204c7304ba19ec0565446d9af2eeb6d61a26cb6a52c9d1,969873,2026-10-04T16:40:10+00:00,in,0.00067863,51.08,75270.00,2026-10-04,mempool.space EUR,950,1,3,False
1A1zP1eP5QGefi2DMPTfTL5SLmv7DivfNa,c68a085917281007cdb4130e399dd8aedc067df652086037a5b2c3601c8e9738,969873,2026-10-04T16:40:10+00:00,in,0.00141481,106.49,75270.00,2026-10-04,mempool.space EUR,950,1,3,False
1A1zP1eP5QGefi2DMPTfTL5SLmv7DivfNa,380290123a81725aa5120fae073ef36b1f1a454b29a595fdb9933e36dc9f9e53,969874,2026-10-04T16:54:47+00:00,in,0.00013616,10.25,75270.00,2026-10-04,mempool.space EUR,950,1,3,False
1A1zP1eP5QGefi2DMPTfTL5SLmv7DivfNa,be2882335a2aee5aa89f0e7241a9fc4511655e6f336c911c34f0e53135840f37,969874,2026-10-04T16:54:47+00:00,in,0.00004627,3.48,75270.00,2026-10-04,mempool.space EUR,950,1,3,False
1A1zP1eP5QGefi2DMPTfTL5SLmv7DivfNa,da654ebef61b9097fff133982cccef9e2a3a38e878aca0f08cf4eee7efbc4d65,969874,2026-10-04T16:54:47+00:00,in,0.00007667,5.77,75270.00,2026-10-04,mempool.space EUR,950,1,3,False
1A1zP1eP5QGefi2DMPTfTL5SLmv7DivfNa,e4796edfb2af474de0fb2e807714a4e1ef77a1b9504652d55f6435db0d9de080,969874,2026-10-04T16:54:47+00:00,in,0.00006409,4.82,75270.00,2026-10-04,mempool.space EUR,950,1,3,False
1A1zP1eP5QGefi2DMPTfTL5SLmv7DivfNa,07bf09dec3357fa0bf0a19010bcb948d89d8779f9ea9619ede963f7a7588ac59,969876,2026-10-04T17:01:00+00:00,in,0.00005788,4.36,75270.00,2026-10-04,mempool.space EUR,950,1,3,False
1A1zP1eP5QGefi2DMPTfTL5SLmv7DivfNa,7f7c8b0eb4cea1aaf8f6edd45b9bd3879ebc0d4d44bebf8d4530082f887ee6a0,969878,2026-10-04T17:09:19+00:00,in,0.00007331,5.52,75270.00,2026-10-04,mempool.space EUR,950,1,3,False
1A1zP1eP5QGefi2DMPTfTL5SLmv7DivfNa,e892fa391cd4403e6762575d5aa212dc933ab79c3e803350c3bd3992b87692ad,969878,2026-10-04T17:09:19+00:00,in,0.00004720,3.55,75270.00,2026-10-04,mempool.space EUR,950,1,3,False
1A1zP1eP5QGefi2DMPTfTL5SLmv7DivfNa,cc97d62b4a315296a42f10764baf101278557b1a979ca180c810e07549748263,969880,2026-10-04T17:19:40+00:00,in,0.00007186,5.41,75270.00,2026-10-04,mempool.space EUR,950,1,3,False
1A1zP1eP5QGefi2DMPTfTL5SLmv7DivfNa,588b84d3f31177c4eb1ffa600014ed1468afaf1e03bb4e9bbd15b356385c4929,969881,2026-10-04T17:46:14+00:00,in,0.00004621,3.48,75270.00,2026-10-04,mempool.space EUR,950,1,3,False
1A1zP1eP5QGefi2DMPTfTL5SLmv7DivfNa,9cdbee726ed4a3b31f24871b853799d45133ba3d454c51badb54023fa477fa66,969881,2026-10-04T17:46:14+00:00,in,0.00004253,3.20,75270.00,2026-10-04,mempool.space EUR,950,1,3,False
1A1zP1eP5QGefi2DMPTfTL5SLmv7DivfNa,a5ac0e6bc363c9ac6a653146be8b41dad0f107efb0716725d1951020b486b732,969881,2026-10-04T17:46:14+00:00,in,0.00004853,3.65,75270.00,2026-10-04,mempool.space EUR,950,1,3,False
1A1zP1eP5QGefi2DMPTfTL5SLmv7DivfNa,db2ebe269a1442a6c68b75d147e8f4fd7784c641f4d16f7ec6e9fbed41ebdde3,969881,2026-10-04T17:46:14+00:00,in,0.00004833,3.64,75270.00,2026-10-04,mempool.space EUR,950,1,3,False
1A1zP1eP5QGefi2DMPTfTL5SLmv7DivfNa,2175767b791e027b357e375b5b7d5fcab0cb4a5b17bd350e5825d8c658c28b19,969886,2026-10-04T18:40:25+00:00,in,0.00005695,4.29,75270.00,2026-10-04,mempool.space EUR,950,1,3,False
1A1zP1eP5QGefi2DMPTfTL5SLmv7DivfNa,2d4b9d9e2bd830f9ab12e302639594ce768f897059e37920288ca81c494af1e5,969886,2026-10-04T18:40:25+00:00,in,0.00005335,4.02,75270.00,2026-10-04,mempool.space EUR,950,1,3,False
1A1zP1eP5QGefi2DMPTfTL5SLmv7DivfNa,afcb5b4036242623d5c752f698fb6beb810f3b4a57af3a9a23bc4bd44af10931,969886,2026-10-04T18:40:25+00:00,in,0.00004322,3.25,75270.00,2026-10-04,mempool.space EUR,950,1,3,False
1A1zP1eP5QGefi2DMPTfTL5SLmv7DivfNa,e4463612ff69fc95bc9884102bbd49eba131eb7a06e7db92c5c558d90de51c55,969886,2026-10-04T18:40:25+00:00,in,0.00005220,3.93,75270.00,2026-10-04,mempool.space EUR,950,1,3,False
1A1zP1eP5QGefi2DMPTfTL5SLmv7DivfNa,15afde0165c53124cd9141b3fdaa71154dd6ec6557a03651a5169d65b37b77f3,969888,2026-10-04T19:06:30+00:00,in,0.00004519,3.40,75270.00,2026-10-04,mempool.space EUR,950,1,3,False
1A1zP1eP5QGefi2DMPTfTL5SLmv7DivfNa,97f0d71bc48b526e975627c0591d5a15a4d86d12532616ec765288d902948177,969889,2026-10-04T19:32:36+00:00,in,0.00004320,3.25,75270.00,2026-10-04,mempool.space EUR,950,1,3,False
1A1zP1eP5QGefi2DMPTfTL5SLmv7DivfNa,c7e7600b98aa4f500c9375e9d90620d0f99c1ec1912e05816ab6191e13234639,969889,2026-10-04T19:32:36+00:00,in,0.00006358,4.79,75270.00,2026-10-04,mempool.space EUR,760,1,3,False
1A1zP1eP5QGefi2DMPTfTL5SLmv7DivfNa,06cac9724c3878289635b7c6ab6ff0a67e0518f8fd5d99a4e8e6b52c17c0b33a,969892,2026-10-04T19:42:24+00:00,in,0.00004599,3.46,75270.00,2026-10-04,mempool.space EUR,760,1,3,False
1A1zP1eP5QGefi2DMPTfTL5SLmv7DivfNa,5585c0961edd877a373e3f47b977cb137403f786e0a03692e0da0e9dbf81ca06,969894,2026-10-04T20:03:01+00:00,in,0.00004305,3.24,75270.00,2026-10-04,mempool.space EUR,760,1,3,False
1A1zP1eP5QGefi2DMPTfTL5SLmv7DivfNa,2fe3724658441b9fcede3f945adb30a1d32c4a25926fba60fffa714d57a1ad1c,969896,2026-10-04T20:27:56+00:00,in,0.00005213,3.92,75270.00,2026-10-04,mempool.space EUR,570,1,3,False
1A1zP1eP5QGefi2DMPTfTL5SLmv7DivfNa,f038b04bad618d8b065c3815d646a077d820333ad951066745bcca4cc220dbda,969899,2026-10-04T20:59:09+00:00,in,0.00005844,4.40,75270.00,2026-10-04,mempool.space EUR,380,1,3,False
1A1zP1eP5QGefi2DMPTfTL5SLmv7DivfNa,377b2d02f5292f170dd7bf3db2eb4e35bfbfafc1bf4440b6c3e3d41d5b1ab666,969902,2026-10-04T21:11:01+00:00,in,0.00004718,3.55,75270.00,2026-10-04,mempool.space EUR,950,1,3,False
1A1zP1eP5QGefi2DMPTfTL5SLmv7DivfNa,aa9bff82084c60689aa0f012e6fdbacc6e6c915f3cea8ec5aff8ee07b815f9fb,969906,2026-10-04T21:29:30+00:00,in,0.00005346,4.02,75270.00,2026-10-04,mempool.space EUR,380,1,3,False
1A1zP1eP5QGefi2DMPTfTL5SLmv7DivfNa,f50363ebb340951c7a4a3ef52e4c2350d91a967d797c6ed92e149901079d4845,969909,2026-10-04T21:50:56+00:00,in,0.00005152,3.88,75270.00,2026-10-04,mempool.space EUR,380,1,3,False
1A1zP1eP5QGefi2DMPTfTL5SLmv7DivfNa,6cee783a2ecc173ca00cc9c012964f64abd523fb4fd5127f70f36dab08d88619,969912,2026-10-04T22:35:00+00:00,in,0.00005233,3.94,75270.00,2026-10-04,mempool.space EUR,570,1,3,False
1A1zP1eP5QGefi2DMPTfTL5SLmv7DivfNa,1b2e2f51a7d299fd8a3131bed1c1ea6c0c73d76782494e54439f7b19164a8334,969915,2026-10-04T22:57:43+00:00,in,0.00005560,4.19,75270.00,2026-10-04,mempool.space EUR,380,1,3,False
1A1zP1eP5QGefi2DMPTfTL5SLmv7DivfNa,8860c6bfda7ab2169fa0957a7468f49de5e2540fa085485b0688c8166cb1996d,969919,2026-10-04T23:28:51+00:00,in,0.00000181,0.14,75270.00,2026-10-04,mempool.space EUR,113,1,1,False
1A1zP1eP5QGefi2DMPTfTL5SLmv7DivfNa,bd32cd5e734879ef2901298b13e1cf43427e04c06cb6d113141d1f4bbe11aafe,969920,2026-10-04T23:34:40+00:00,in,0.00007741,5.83,75270.00,2026-10-04,mempool.space EUR,380,1,3,False
1A1zP1eP5QGefi2DMPTfTL5SLmv7DivfNa,9713de71ecd5db383d34320954d1fc8d9acf202b28793ccdc87343c0321d75b8,969923,2026-10-04T23:51:43+00:00,in,0.00004808,3.62,75270.00,2026-10-04,mempool.space EUR,380,1,3,False
1A1zP1eP5QGefi2DMPTfTL5SLmv7DivfNa,137fb12d08d60cd1c3d5998e113b6cbadfa8a98aa0a95f43188ffebc315678cf,969924,2026-10-05T00:18:16+00:00,in,0.00006437,4.95,76872.00,2026-10-05,mempool.space EUR,380,1,3,False
1A1zP1eP5QGefi2DMPTfTL5SLmv7DivfNa,5ba0c7b38017c360f7279a66d53c9ffe3343cbb820bcb5c779174e058d2d36e2,969925,2026-10-05T00:31:08+00:00,in,0.00004810,3.70,76872.00,2026-10-05,mempool.space EUR,570,1,3,False
1A1zP1eP5QGefi2DMPTfTL5SLmv7DivfNa,2fa5b1ce8a7600ee417f952d66496929518376ac376938fa066d1d087af130e5,969931,2026-10-05T01:07:49+00:00,in,0.00004799,3.69,76872.00,2026-10-05,mempool.space EUR,380,1,3,False
1A1zP1eP5QGefi2DMPTfTL5SLmv7DivfNa,d2de42155e7db6389f7e6de94812eac434438372bb339f9bdd1a543bc27152e6,969931,2026-10-05T01:07:49+00:00,in,0.00005080,3.91,76872.00,2026-10-05,mempool.space EUR,380,1,3,False
1A1zP1eP5QGefi2DMPTfTL5SLmv7DivfNa,9f7e81d34fa316cc0669b63d3fee3a9f558c79a32342a85429186d7eb56fa31d,969933,2026-10-05T01:11:37+00:00,in,0.00000555,0.43,76872.00,2026-10-05,mempool.space EUR,2936,1,1,False
1A1zP1eP5QGefi2DMPTfTL5SLmv7DivfNa,4500e4d7687ca27b20b3a1d88b0f8d20545c342aaababb628fb257e9c924d1c4,969936,2026-10-05T01:24:44+00:00,in,0.00006728,5.17,76872.00,2026-10-05,mempool.space EUR,380,1,3,False
1A1zP1eP5QGefi2DMPTfTL5SLmv7DivfNa,2179b27c847e49a172b781d21e3a3a97b98724e5762074d39863c0e296639ebc,969937,2026-10-05T01:48:59+00:00,in,0.00010795,8.30,76872.00,2026-10-05,mempool.space EUR,380,1,3,False
1A1zP1eP5QGefi2DMPTfTL5SLmv7DivfNa,4bb078ae4e916f57bb777143a18c715eb8ac202bf30212ff02815981e73cc4c8,969937,2026-10-05T01:48:59+00:00,in,0.00008917,6.85,76872.00,2026-10-05,mempool.space EUR,380,1,3,False
1A1zP1eP5QGefi2DMPTfTL5SLmv7DivfNa,509b6b6f122186e6a36512f5fdc03d2512c07256f813053eb256efd2c2b364ab,969937,2026-10-05T01:48:59+00:00,in,0.00009280,7.13,76872.00,2026-10-05,mempool.space EUR,380,1,3,False
1A1zP1eP5QGefi2DMPTfTL5SLmv7DivfNa,b1e71b52a78253b062485760dcce6ba1d331855532739c82a289ae31c02e17cd,969937,2026-10-05T01:48:59+00:00,in,0.00012482,9.60,76872.00,2026-10-05,mempool.space EUR,570,1,3,False
1A1zP1eP5QGefi2DMPTfTL5SLmv7DivfNa,ddd7d4274c5d80968e9ac3d0d7d5340b5d17de254b6d498ee566aa06da9d8fb4,969937,2026-10-05T01:48:59+00:00,in,0.00005666,4.36,76872.00,2026-10-05,mempool.space EUR,380,1,3,False
1A1zP1eP5QGefi2DMPTfTL5SLmv7DivfNa,7dfc306f3bcb446859923b5c9e5a25691238dd7109c50e9e8bfee58864e6ee1b,969938,2026-10-05T02:03:40+00:00,in,0.00005344,4.11,76872.00,2026-10-05,mempool.space EUR,380,1,3,False
1A1zP1eP5QGefi2DMPTfTL5SLmv7DivfNa,7e205ca10d56c0b6561cfcc892d51b16aa45ad60f9db08f97ef52337e298e6f6,969940,2026-10-05T02:11:13+00:00,in,0.00013443,10.33,76872.00,2026-10-05,mempool.space EUR,380,1,3,False
1A1zP1eP5QGefi2DMPTfTL5SLmv7DivfNa,7360c97a8143ac319086bb63b1f996137d6550178d12ab6e5fefad78d2dc4c8e,969946,2026-10-05T03:00:21+00:00,in,0.00005087,3.91,76872.00,2026-10-05,mempool.space EUR,380,1,3,False
1A1zP1eP5QGefi2DMPTfTL5SLmv7DivfNa,58d73291d7515e7584925f696ef6a3135bb1500a4304e66909b116be70cb0b92,969953,2026-10-05T04:12:49+00:00,in,0.00004779,3.67,76872.00,2026-10-05,mempool.space EUR,380,1,3,False
1A1zP1eP5QGefi2DMPTfTL5SLmv7DivfNa,5e535423fd5c5095933ca6dbb49ff900c872b4365f09f0ea16b51a5f573c5dd7,969959,2026-10-05T05:10:58+00:00,in,0.00008613,6.62,76872.00,2026-10-05,mempool.space EUR,380,1,3,False
1A1zP1eP5QGefi2DMPTfTL5SLmv7DivfNa,d0f555b6380ffb07bb358fbebf8cd5c92d414456846a82f0485e8c0dfce6ec6d,969961,2026-10-05T05:34:26+00:00,in,0.00006012,4.62,76872.00,2026-10-05,mempool.space EUR,380,1,3,False
1A1zP1eP5QGefi2DMPTfTL5SLmv7DivfNa,baa4bf6372ab9bea4375e74365c8ef7a507077a471aeb9ef086a26238c6af637,969962,2026-10-05T06:00:26+00:00,in,0.00005989,4.60,76872.00,2026-10-05,mempool.space EUR,570,1,3,False
1A1zP1eP5QGefi2DMPTfTL5SLmv7DivfNa,98f740d47c14fe906a61367ed9bf05b414a2e478e4f8086c59b358519918d438,969975,2026-10-05T07:05:10+00:00,in,0.00005923,4.55,76872.00,2026-10-05,mempool.space EUR,380,1,3,False
1A1zP1eP5QGefi2DMPTfTL5SLmv7DivfNa,e5991e52d30c1fefafda58eaff51cb3a27b041a50e1da8a48324a743b46e087a,969983,2026-10-05T08:38:18+00:00,in,0.00007321,5.63,76872.00,2026-10-05,mempool.space EUR,570,1,3,False
1A1zP1eP5QGefi2DMPTfTL5SLmv7DivfNa,59c6f1d12bbb43c6eaee184b4f9fbd052572682c92ba2c4038c2539a32e6158e,969985,2026-10-05T09:04:34+00:00,in,0.00007496,5.76,76872.00,2026-10-05,mempool.space EUR,570,1,3,False
1A1zP1eP5QGefi2DMPTfTL5SLmv7DivfNa,1a9cfd040a80e1adfe956f368fcbb0cc6e685bb318636f20fd7e311e27397bf7,969987,2026-10-05T09:14:09+00:00,in,0.00000546,0.42,76872.00,2026-10-05,mempool.space EUR,538,2,2,False
1A1zP1eP5QGefi2DMPTfTL5SLmv7DivfNa,53f876040113ab3ed0e215856814720c4f42f93e6a68b74067593f95f8ed7f79,969988,2026-10-05T09:25:45+00:00,in,0.00004500,3.46,76872.00,2026-10-05,mempool.space EUR,570,1,3,False
1A1zP1eP5QGefi2DMPTfTL5SLmv7DivfNa,7396a1d8f88554700425fbae69fadeee191ea420f36921bc7cc19e1948aaa6dc,969995,2026-10-05T09:58:47+00:00,in,0.00000546,0.42,76872.00,2026-10-05,mempool.space EUR,384,3,4,False
1A1zP1eP5QGefi2DMPTfTL5SLmv7DivfNa,e5607e4103b9faba8ee988496849650d68a4cb45b138b3e74c17dba36a4063c7,969995,2026-10-05T09:58:47+00:00,in,0.00000546,0.42,76872.00,2026-10-05,mempool.space EUR,202,2,2,False
1A1zP1eP5QGefi2DMPTfTL5SLmv7DivfNa,44c23e206744656f412e405e7d70856248ea9624bdf014f33492a63860c48ad6,970003,2026-10-05T11:01:07+00:00,in,0.00005875,4.52,76872.00,2026-10-05,mempool.space EUR,380,1,3,False
1A1zP1eP5QGefi2DMPTfTL5SLmv7DivfNa,a8838452c5ead829635c8ff22f30e5f0693f9c30690e54507296965f97294dc4,970009,2026-10-05T11:26:56+00:00,in,0.00004636,3.56,76872.00,2026-10-05,mempool.space EUR,380,1,3,False
1A1zP1eP5QGefi2DMPTfTL5SLmv7DivfNa,c1fada6c776a589a5d034e78e651004a68e0d71e618bf540b91490348b5ae4a5,970025,2026-10-05T13:08:04+00:00,in,0.00006364,4.89,76872.00,2026-10-05,mempool.space EUR,380,1,3,False
1A1zP1eP5QGefi2DMPTfTL5SLmv7DivfNa,69b4837f0af1d1fe8568b01bcc0c38f871e4ef4c8bbcafba2857fb50f67c81bf,970033,2026-10-05T14:22:31+00:00,in,0.00004692,3.61,76872.00,2026-10-05,mempool.space EUR,380,1,3,False
1A1zP1eP5QGefi2DMPTfTL5SLmv7DivfNa,cf56bf695822bc0f6029edeb8cd327d2d2e1f59863864b7518f136bb7e9ca915,970042,2026-10-05T15:22:35+00:00,in,0.00004536,3.49,76872.00,2026-10-05,mempool.space EUR,570,1,3,False
1A1zP1eP5QGefi2DMPTfTL5SLmv7DivfNa,df1876d8c1cfe1cf7b7c34933d33cc71c989cad6635c35ed26d38d074263f677,970051,2026-10-05T16:56:39+00:00,in,0.00006611,5.08,76872.00,2026-10-05,mempool.space EUR,760,1,3,False
1A1zP1eP5QGefi2DMPTfTL5SLmv7DivfNa,b0269ea7278711cb44a0a41e43f4d74bc72231591c441178a7d7c77eac74407a,970054,2026-10-05T17:15:11+00:00,in,0.00006027,4.63,76872.00,2026-10-05,mempool.space EUR,380,1,3,False
1A1zP1eP5QGefi2DMPTfTL5SLmv7DivfNa,16a3ab13ba1af8bbe51f3be221355c7c613ef6db6ef3d19c9aa589dd67b831ad,970055,2026-10-05T17:21:22+00:00,in,0.00000546,0.42,76872.00,2026-10-05,mempool.space EUR,226,1,3,False
1A1zP1eP5QGefi2DMPTfTL5SLmv7DivfNa,bb36c6f1b413db50a9561af888a8b3f14aa8b2356addf3bdf1f5f0a3a980747a,970063,2026-10-05T18:48:58+00:00,in,0.00005273,4.05,76872.00,2026-10-05,mempool.space EUR,1140,1,3,False
1A1zP1eP5QGefi2DMPTfTL5SLmv7DivfNa,d850ebb82848a60f895be7c6005d0e466f06fbbf5d204f33ab06a6830d164782,970065,2026-10-05T19:02:09+00:00,in,0.00001000,0.77,76872.00,2026-10-05,mempool.space EUR,480,1,3,False
1A1zP1eP5QGefi2DMPTfTL5SLmv7DivfNa,89a75d404ffbbd3884c2bce9416d857e770727cad2d56d5cc44878fdbb680ae5,970072,2026-10-05T19:55:07+00:00,in,0.00004651,3.58,76872.00,2026-10-05,mempool.space EUR,570,1,3,False
1A1zP1eP5QGefi2DMPTfTL5SLmv7DivfNa,8594e6de93e227ce8ac4247a60e087f5f04a6ddc96b2ad39a20e0d80951c3593,970077,2026-10-05T20:47:05+00:00,in,0.00004685,3.60,76872.00,2026-10-05,mempool.space EUR,570,1,3,False
1A1zP1eP5QGefi2DMPTfTL5SLmv7DivfNa,97a6aa236be1324d80a0032c523c9c547c8a348038aa39b2f9a52235eb95505a,970087,2026-10-05T22:40:13+00:00,in,0.00004647,3.57,76872.00,2026-10-05,mempool.space EUR,950,1,3,False
1A1zP1eP5QGefi2DMPTfTL5SLmv7DivfNa,9a3e0f231bcc80e35e35712486100c8e851b31066d90d6bc0d4703ef396cfa57,970088,2026-10-05T22:43:40+00:00,in,0.00009188,7.06,76872.00,2026-10-05,mempool.space EUR,380,1,3,False
1A1zP1eP5QGefi2DMPTfTL5SLmv7DivfNa,e4f89881961a0ae790139e413aad3727c029cac0ef4e9d6fdaa6e6f4b6340fec,970090,2026-10-05T22:57:24+00:00,in,0.00001538,1.18,76872.00,2026-10-05,mempool.space EUR,288,1,2,False
1A1zP1eP5QGefi2DMPTfTL5SLmv7DivfNa,af6616b7974123f99556585498f2f43d405982c78848805a83e53589378de183,970094,2026-10-05T23:12:09+00:00,in,0.00009067,6.97,76872.00,2026-10-05,mempool.space EUR,380,1,3,False
1A1zP1eP5QGefi2DMPTfTL5SLmv7DivfNa,a855b38482be378a24e8471b10b0bcea0201ecd505ff15775479c3ded03cb31b,970095,2026-10-05T23:34:52+00:00,in,0.00005180,3.98,76872.00,2026-10-05,mempool.space EUR,570,1,3,False
1A1zP1eP5QGefi2DMPTfTL5SLmv7DivfNa,b209f3b6e739e3089ef059de09e66e1492a961224dd02adcaeece58d8a127bdf,970095,2026-10-05T23:34:52+00:00,in,0.00005504,4.23,76872.00,2026-10-05,mempool.space EUR,380,1,3,False
1A1zP1eP5QGefi2DMPTfTL5SLmv7DivfNa,71d95faea09e50830c774abe875ea3e2130a2c2dc32d08266f1163a49d4d0798,970097,2026-10-05T23:43:13+00:00,in,0.00004476,3.44,76872.00,2026-10-05,mempool.space EUR,570,1,3,False
1A1zP1eP5QGefi2DMPTfTL5SLmv7DivfNa,4515303e27ce6bbf948acf6ccf7135273a2be51554c1caab5072d4674d01305f,970103,2026-10-06T00:24:04+00:00,in,0.00000546,0.42,76467.00,2026-10-06,mempool.space EUR,538,2,2,False
1A1zP1eP5QGefi2DMPTfTL5SLmv7DivfNa,8ada431a059b216eb294dcd8f5b79a96db5d5dee244c4e54a34d2e774d808986,970105,2026-10-06T00:36:00+00:00,in,0.00004754,3.64,76467.00,2026-10-06,mempool.space EUR,380,1,3,False
1A1zP1eP5QGefi2DMPTfTL5SLmv7DivfNa,0575beb8d3e16784c6484a3baf502fb033099cc3edcb0d016e3caedfac470102,970126,2026-10-06T03:47:57+00:00,in,0.00005570,4.26,76467.00,2026-10-06,mempool.space EUR,380,1,3,False
1A1zP1eP5QGefi2DMPTfTL5SLmv7DivfNa,888e73f5356a23d9cafffa065cec2be83d98e69bf21fee872013b7ebfe9bdee6,970134,2026-10-06T05:21:52+00:00,in,0.00004667,3.57,76467.00,2026-10-06,mempool.space EUR,380,1,3,False
1A1zP1eP5QGefi2DMPTfTL5SLmv7DivfNa,5df3abac5c1c97dc64062fefd28469992c7500839c8286ec59366e213a7cd418,970149,2026-10-06T08:13:24+00:00,in,0.00368741,281.97,76467.00,2026-10-06,mempool.space EUR,570,1,3,False
1A1zP1eP5QGefi2DMPTfTL5SLmv7DivfNa,6134cf76dbeea92a4904d4e76ee04cbbf49b4d43a5d9ff3a284d5f7523b3196d,970151,2026-10-06T08:35:17+00:00,in,0.00004623,3.54,76467.00,2026-10-06,mempool.space EUR,570,1,3,False
1A1zP1eP5QGefi2DMPTfTL5SLmv7DivfNa,58993c11e6495e4011b1156ac25d0d4cdee83d6ec17fc2b8ffb3a05d16667074,970189,2026-10-06T15:18:14+00:00,in,0.00000546,0.42,76467.00,2026-10-06,mempool.space EUR,538,2,2,False
1A1zP1eP5QGefi2DMPTfTL5SLmv7DivfNa,16efe782e72eb09fd777ad9cd5fb479a160cd8a919b40769f25195153051f158,970204,2026-10-06T16:58:14+00:00,in,0.00004441,3.40,76467.00,2026-10-06,mempool.space EUR,570,1,3,False
1A1zP1eP5QGefi2DMPTfTL5SLmv7DivfNa,14396c6a212fce4a794501b5840c718a700daa9e462427fed22a7f38d5197b1e,970238,2026-10-06T21:49:17+00:00,in,0.00004795,3.67,76467.00,2026-10-06,mempool.space EUR,380,1,3,False
1A1zP1eP5QGefi2DMPTfTL5SLmv7DivfNa,c571dc8ec4f0447a9e0bc5eff0009f354cc3a7b1ce56d8299b5cc619c2828de8,970269,2026-10-07T01:49:31+00:00,in,0.00000546,0.42,76035.00,2026-10-07,mempool.space EUR,203,2,2,False
1A1zP1eP5QGefi2DMPTfTL5SLmv7DivfNa,190da7ccf6330668ea5bdbc7a3a00890ddcda9eb901fcade89d7c5a322ad6364,970298,2026-10-07T05:53:02+00:00,in,0.00002863,2.18,76035.00,2026-10-07,mempool.space EUR,3742,1,1,False
1A1zP1eP5QGefi2DMPTfTL5SLmv7DivfNa,25272b9f4eb5fe758e8e7e372e8daba324a6d44f51e81ae3bfcd4fca896c16cc,970326,2026-10-07T10:05:14+00:00,in,0.00015834,12.04,76035.00,2026-10-07,mempool.space EUR,2765,30,30,False
1A1zP1eP5QGefi2DMPTfTL5SLmv7DivfNa,91d8a34d9b6c11b963f625d66d1441e8ff0ee2014e194c265f813deae2636d36,970326,2026-10-07T10:05:14+00:00,in,0.00000546,0.42,76035.00,2026-10-07,mempool.space EUR,203,2,2,False
1A1zP1eP5QGefi2DMPTfTL5SLmv7DivfNa,65c7e3ede6d5e3228f01299e6b021880f4d6eedceaf165cc02a26ba4c5353ae2,970331,2026-10-07T11:00:29+00:00,in,0.00004680,3.56,76035.00,2026-10-07,mempool.space EUR,380,1,3,False
1A1zP1eP5QGefi2DMPTfTL5SLmv7DivfNa,f227df6197655266dedcd7fd36e4b0d90ded2bb43cd2f5a12837caa6cae01379,970341,2026-10-07T12:41:11+00:00,in,0.00000546,0.42,76035.00,2026-10-07,mempool.space EUR,538,2,2,False
1A1zP1eP5QGefi2DMPTfTL5SLmv7DivfNa,18feda880e2b7c6e2c2e227a9d38d56f48705edc89caa8c0114653ea11d855fd,970351,2026-10-07T14:41:59+00:00,in,0.00003492,2.66,76035.00,2026-10-07,mempool.space EUR,226,1,1,False
1A1zP1eP5QGefi2DMPTfTL5SLmv7DivfNa,430451e8ca620c588dd3b3c6276dc09fdfe7f3ffe843ae34a32197c97360e673,970354,2026-10-07T15:33:04+00:00,in,0.00004679,3.56,76035.00,2026-10-07,mempool.space EUR,570,1,3,False
1A1zP1eP5QGefi2DMPTfTL5SLmv7DivfNa,d5ce4584707be8a9f648fd8439e852deba639ee4b7f2062f60aa1dc640bb7f45,970398,2026-10-07T22:24:41+00:00,in,0.00004677,3.56,76035.00,2026-10-07,mempool.space EUR,570,1,3,False
1A1zP1eP5QGefi2DMPTfTL5SLmv7DivfNa,c9d206caa6a8567718ee375348e75541e460263c954e8def5ae5860cc845e7cd,970426,2026-10-08T02:37:35+00:00,in,0.00000546,0.41,74366.00,2026-10-08,mempool.space EUR,538,2,2,False
1A1zP1eP5QGefi2DMPTfTL5SLmv7DivfNa,9f1c24f20469bf21676799e3dd98bf767f72d5609ba7d894f3d05f731ab31abb,970432,2026-10-08T03:40:22+00:00,in,0.00000546,0.41,74366.00,2026-10-08,mempool.space EUR,203,2,2,False
1A1zP1eP5QGefi2DMPTfTL5SLmv7DivfNa,c06a5b7b841d4bbdb332d8670d0aa39cadab4401b4a495f39b4a5dc190c7aaf8,970445,2026-10-08T05:17:40+00:00,in,0.00000546,0.41,74366.00,2026-10-08,mempool.space EUR,538,2,2,False
1A1zP1eP5QGefi2DMPTfTL5SLmv7DivfNa,34970b4e291d60adfc06b5807aac13e3ebaf65fe89a5ad85ee5fd7f7a566cb1c,970447,2026-10-08T05:40:48+00:00,in,0.00000546,0.41,74366.00,2026-10-08,mempool.space EUR,384,3,4,False
1A1zP1eP5QGefi2DMPTfTL5SLmv7DivfNa,e854ec20611aaea2288eee76f51b92a1927ef7f2db23badb84a5e23a0afc4cb8,970448,2026-10-08T05:51:41+00:00,in,0.00004861,3.61,74366.00,2026-10-08,mempool.space EUR,380,1,3,False
1A1zP1eP5QGefi2DMPTfTL5SLmv7DivfNa,d569a9d833c584265b01ae36d7fc4f06305fd0c2fd6d570bdfd230381e898652,970457,2026-10-08T07:19:11+00:00,in,0.00000546,0.41,74366.00,2026-10-08,mempool.space EUR,327,2,4,False
1A1zP1eP5QGefi2DMPTfTL5SLmv7DivfNa,d2a1a5df87204010ee919fa816e0c04e142dbcac89dc0758eba55c3d07d09c0b,970481,2026-10-08T11:06:01+00:00,in,0.00003627,2.70,74366.00,2026-10-08,mempool.space EUR,935,1,3,False
1A1zP1eP5QGefi2DMPTfTL5SLmv7DivfNa,e053794e473d6853a40ca7ffd62a7fce05b7f7fc503062a9170838083c388fb9,970501,2026-10-08T14:49:16+00:00,in,0.00000546,0.41,74366.00,2026-10-08,mempool.space EUR,250,1,3,False
1A1zP1eP5QGefi2DMPTfTL5SLmv7DivfNa,01211d3df9e15adbad674d59f816c63b2bd6d54316a00541cefdd74c1a013a8b,970507,2026-10-08T15:24:48+00:00,in,0.00000546,0.41,74366.00,2026-10-08,mempool.space EUR,47,2,2,False
1A1zP1eP5QGefi2DMPTfTL5SLmv7DivfNa,0d1a2b444e6d555cc1b4d5c3f403eba2bc7a0371e356dfdd1ce782c99d71c6ff,970507,2026-10-08T15:24:48+00:00,in,0.00000546,0.41,74366.00,2026-10-08,mempool.space EUR,45,2,2,False
1A1zP1eP5QGefi2DMPTfTL5SLmv7DivfNa,171b275653dfe0250c155a4312a5ca2062abab282679e5acc18facbc41f18659,970507,2026-10-08T15:24:48+00:00,in,0.00000546,0.41,74366.00,2026-10-08,mempool.space EUR,45,2,2,False
1A1zP1eP5QGefi2DMPTfTL5SLmv7DivfNa,21d648babbf509e35321170ea32c6446b0308a8b1ac8d4db7271edef1602b588,970507,2026-10-08T15:24:48+00:00,in,0.00000546,0.41,74366.00,2026-10-08,mempool.space EUR,47,2,2,False
1A1zP1eP5QGefi2DMPTfTL5SLmv7DivfNa,4cd03b5e55dbd63bac2b4ce61d5fbd1a8963c29b3f255a76e4a29e4c67bb4e9e,970507,2026-10-08T15:24:48+00:00,in,0.00000546,0.41,74366.00,2026-10-08,mempool.space EUR,47,2,2,False
1A1zP1eP5QGefi2DMPTfTL5SLmv7DivfNa,53c23e2404e5c84273bef2899ecb589042c44ba0b365664a751241d81dbc45c9,970507,2026-10-08T15:24:48+00:00,in,0.00000546,0.41,74366.00,2026-10-08,mempool.space EUR,47,2,2,False
1A1zP1eP5QGefi2DMPTfTL5SLmv7DivfNa,5b38b8e6c131189d1366d8b73241a6034ccd637edd4d5ad1c7195dfb92d9e847,970507,2026-10-08T15:24:48+00:00,in,0.00000546,0.41,74366.00,2026-10-08,mempool.space EUR,55,2,2,False
1A1zP1eP5QGefi2DMPTfTL5SLmv7DivfNa,8c23b2cb60bc1887aaaa0582062289d360944ecba1d450cf05af9ed0c3b794f6,970507,2026-10-08T15:24:48+00:00,in,0.00000546,0.41,74366.00,2026-10-08,mempool.space EUR,47,2,2,False
1A1zP1eP5QGefi2DMPTfTL5SLmv7DivfNa,8dadf61f4f4c44ace9db929ee0d4dc86eed0f2e6283b6c6d351ed6b8ada02d51,970507,2026-10-08T15:24:48+00:00,in,0.00000546,0.41,74366.00,2026-10-08,mempool.space EUR,47,2,2,False
1A1zP1eP5QGefi2DMPTfTL5SLmv7DivfNa,dc1a4c59b89dc60b2650654498de11362e888dd51f3c6021790290dfc7e29800,970507,2026-10-08T15:24:48+00:00,in,0.00000546,0.41,74366.00,2026-10-08,mempool.space EUR,49,2,2,False
1A1zP1eP5QGefi2DMPTfTL5SLmv7DivfNa,eafaab3f6fb4f8d9371545c8eb7234550134f7b3aea4bf2eb70bd1c789835f30,970507,2026-10-08T15:24:48+00:00,in,0.00000546,0.41,74366.00,2026-10-08,mempool.space EUR,34,2,2,False
1A1zP1eP5QGefi2DMPTfTL5SLmv7DivfNa,1f37d210a442a948d630245146c3f1dc6d15fcc402bbfd9a98053bd8b3899b8e,970508,2026-10-08T15:28:25+00:00,in,0.00000546,0.41,74366.00,2026-10-08,mempool.space EUR,226,1,3,False
1A1zP1eP5QGefi2DMPTfTL5SLmv7DivfNa,896741485f9e7e5f7b43eee23b02a57941be171333b04b8fd47d80d43a64c316,970525,2026-10-08T20:13:16+00:00,in,0.00000546,0.41,74366.00,2026-10-08,mempool.space EUR,635,2,2,False
1A1zP1eP5QGefi2DMPTfTL5SLmv7DivfNa,265558dc1ce031b6db362974fbff15af8c30922b01e766a97d8285de3f1e0b73,970527,2026-10-08T20:39:27+00:00,in,0.00049500,36.81,74366.00,2026-10-08,mempool.space EUR,26510,152,2,False
1A1zP1eP5QGefi2DMPTfTL5SLmv7DivfNa,436f842a614a09f9367b5df403118469efb4e1271a2254759fbd9d04ba2c20c1,970527,2026-10-08T20:39:27+00:00,in,0.00049500,36.81,74366.00,2026-10-08,mempool.space EUR,28925,166,2,False
1A1zP1eP5QGefi2DMPTfTL5SLmv7DivfNa,7f9e002ccd4d8684e98c2b90ae0139214c94cb8287e8e324d3c378bc58bfa14c,970527,2026-10-08T20:39:27+00:00,in,0.00049500,36.81,74366.00,2026-10-08,mempool.space EUR,26855,154,2,False
1A1zP1eP5QGefi2DMPTfTL5SLmv7DivfNa,b948f7e568463c0cc39810bf2146e5525b3834c8efbdbd30199558516ee93daf,970527,2026-10-08T20:39:27+00:00,in,0.00049500,36.81,74366.00,2026-10-08,mempool.space EUR,26337,151,2,False
1A1zP1eP5QGefi2DMPTfTL5SLmv7DivfNa,058ff7273dff2a1de481d83caf7475a85c584e20cd9b52e8bd0acbee09501e77,970531,2026-10-08T20:55:12+00:00,in,0.00000878,0.65,74366.00,2026-10-08,mempool.space EUR,4218,1,2,False
1A1zP1eP5QGefi2DMPTfTL5SLmv7DivfNa,099b17caff04db4f185850f1176a405418c448584b4cf07fcd16d5b60b54efc5,970533,2026-10-08T21:07:05+00:00,in,0.00049500,36.81,74366.00,2026-10-08,mempool.space EUR,17558,151,2,False
1A1zP1eP5QGefi2DMPTfTL5SLmv7DivfNa,2789cedc02ef3e913e8b04da801026b08f93d0079335492dba30a6f946bec856,970533,2026-10-08T21:07:05+00:00,in,0.00009900,7.36,74366.00,2026-10-08,mempool.space EUR,4103,34,2,False
1A1zP1eP5QGefi2DMPTfTL5SLmv7DivfNa,9cec1b50e19448b670c202d9bde4aadd2186f83f426cde8b81f2655e3cc438f1,970533,2026-10-08T21:07:05+00:00,in,0.00008910,6.63,74366.00,2026-10-08,mempool.space EUR,3758,31,2,False
1A1zP1eP5QGefi2DMPTfTL5SLmv7DivfNa,a945ccb70ab17b006466613ba941bffc152d207db268b969d3dffdad7cbdd692,970533,2026-10-08T21:07:05+00:00,in,0.00009900,7.36,74366.00,2026-10-08,mempool.space EUR,4103,34,2,False
1A1zP1eP5QGefi2DMPTfTL5SLmv7DivfNa,ae2a1d650bb91c657c339e884ef4654d289ed730de38f9299705e5524b2825b8,970533,2026-10-08T21:07:05+00:00,in,0.00036960,27.49,74366.00,2026-10-08,mempool.space EUR,13648,117,2,False
1A1zP1eP5QGefi2DMPTfTL5SLmv7DivfNa,d880172c3fde1759c10cca12c121857e11e324a0a5022e328c8f81bd59eb4165,970533,2026-10-08T21:07:05+00:00,in,0.00009900,7.36,74366.00,2026-10-08,mempool.space EUR,4103,34,2,False
1A1zP1eP5QGefi2DMPTfTL5SLmv7DivfNa,b6d56927fc1cf150ca16e33418752e3a8f3eb3f7019471336550e53bee3350b4,970540,2026-10-08T22:05:48+00:00,in,0.00002100,1.56,74366.00,2026-10-08,mempool.space EUR,4200,1,3,False
1A1zP1eP5QGefi2DMPTfTL5SLmv7DivfNa,5506fef7671e08bd1f185d40217316df3873a3112dc2baabe614a242f1fe2a24,970541,2026-10-08T22:53:43+00:00,in,0.00001111,0.83,74366.00,2026-10-08,mempool.space EUR,9147,2,2,False
1A1zP1eP5QGefi2DMPTfTL5SLmv7DivfNa,4d7d63ce676b26e6b8ebe85c860c8a5cadf2d8f3728da644cc71ac43d0a4b823,970543,2026-10-08T22:59:38+00:00,in,0.00000546,0.41,74366.00,2026-10-08,mempool.space EUR,226,1,3,False
1A1zP1eP5QGefi2DMPTfTL5SLmv7DivfNa,607f72b4827ab3ae191e2d518727f6ce93f9cebe0d6fec06fc41b949dab6f29a,970576,2026-10-09T03:20:32+00:00,in,0.00013140,9.58,72873.00,2026-10-09,mempool.space EUR,2100,1,10,False
1A1zP1eP5QGefi2DMPTfTL5SLmv7DivfNa,c070f63425a827e40f6997f90624487d2651124ce05b7b1123561a9376e1d26c,970617,2026-10-09T10:23:10+00:00,in,0.00035164,25.63,72873.00,2026-10-09,mempool.space EUR,1705,1,50,False
1A1zP1eP5QGefi2DMPTfTL5SLmv7DivfNa,241ba892a99b5e33560c43d3eb80212118dc44164c2c831121cca2982249b8e9,970622,2026-10-09T11:18:49+00:00,in,0.00000546,0.40,72873.00,2026-10-09,mempool.space EUR,147,2,2,False
1A1zP1eP5QGefi2DMPTfTL5SLmv7DivfNa,8e0a2514edbeaf55b816dbd9ac8791478270f7aa8ca87be225f3f4ed18ec69bb,970626,2026-10-09T12:10:52+00:00,in,0.00000546,0.40,72873.00,2026-10-09,mempool.space EUR,94,2,2,False
1A1zP1eP5QGefi2DMPTfTL5SLmv7DivfNa,9e5b0658f94b125ee204fc1c51bf85ed4977cf897eb0b3d369841aa3e0be6b32,970626,2026-10-09T12:10:52+00:00,in,0.00000546,0.40,72873.00,2026-10-09,mempool.space EUR,84,2,2,False
1A1zP1eP5QGefi2DMPTfTL5SLmv7DivfNa,fe0db2f6c7f516875dd483fae36560a535970be958e48b937aa9419a30484494,970626,2026-10-09T12:10:52+00:00,in,0.00000546,0.40,72873.00,2026-10-09,mempool.space EUR,84,2,2,False
1A1zP1eP5QGefi2DMPTfTL5SLmv7DivfNa,8893499fe0aff434113fc18be2a9d548989bf7fbf110f9867d47fde200b28123,970627,2026-10-09T12:21:03+00:00,in,0.00000546,0.40,72873.00,2026-10-09,mempool.space EUR,538,2,2,False
1A1zP1eP5QGefi2DMPTfTL5SLmv7DivfNa,77b8e0191d075abf93e2c55889f63284963bfd5ba8540ce9a2766f5c801407ce,970631,2026-10-09T12:57:03+00:00,in,0.00000546,0.40,72873.00,2026-10-09,mempool.space EUR,342,3,3,False
1A1zP1eP5QGefi2DMPTfTL5SLmv7DivfNa,b1830991626cca39c4d446bb29da8bb06af2299dd321517490318812e23f4783,970634,2026-10-09T13:16:07+00:00,in,0.00001497,1.09,72873.00,2026-10-09,mempool.space EUR,1933,1,1,False
1A1zP1eP5QGefi2DMPTfTL5SLmv7DivfNa,0249f8d51ddbd33ce9ec9282d37de531684146e50d1ad642841f734adc5fa180,970640,2026-10-09T13:55:27+00:00,in,0.00020000,14.57,72873.00,2026-10-09,mempool.space EUR,284,1,2,False
1A1zP1eP5QGefi2DMPTfTL5SLmv7DivfNa,d6cd5d5430825d229c9d6dc8510df20877761ebad9264db1595c8449c70a568e,970675,2026-10-09T20:14:21+00:00,in,0.00085984,62.66,72873.00,2026-10-09,mempool.space EUR,5019,1,139,False
1A1zP1eP5QGefi2DMPTfTL5SLmv7DivfNa,12f6c54b042ce0c5e70c9870647f29006681703a74ea279be54646bedd7118be,970682,2026-10-09T21:47:39+00:00,in,0.00000821,0.60,72873.00,2026-10-09,mempool.space EUR,1601,1,1,False
